ISO-10303-21;
HEADER;
FILE_DESCRIPTION(('ViewDefinition [CoordinationView]'),'2;1');
FILE_NAME('','2026-05-19T16:59:17',(''),(''),'IfcOpenShell 0.8.5-1c5b825','IfcOpenShell 0.8.5-1c5b825','');
FILE_SCHEMA(('IFC2X3'));
ENDSEC;
DATA;
#1=IFCTELECOMADDRESS($,$,$,$,$,$,('hans.martin.eikerol@vavisjon.no'),$);
#2=IFCPERSON($,'Eikerol','Hans',('Martin'),$,$,$,(#1));
#3=IFCORGANIZATION($,'','',$,$);
#4=IFCPERSONANDORGANIZATION(#2,#3,$);
#5=IFCORGANIZATION($,'Autodesk Revit 2019 (ENU)',$,$,$);
#6=IFCAPPLICATION(#5,'2019','Autodesk Revit 2019 (ENU)','Revit');
#7=IFCOWNERHISTORY(#4,#6,$,.NOCHANGE.,$,$,$,1556267234);
#8=IFCCARTESIANPOINT((0.,0.,0.));
#9=IFCAXIS2PLACEMENT3D(#8,$,$);
#10=IFCLOCALPLACEMENT($,#9);
#11=IFCAXIS2PLACEMENT3D(#8,$,$);
#12=IFCLOCALPLACEMENT(#10,#11);
#13=IFCAXIS2PLACEMENT3D(#8,$,$);
#14=IFCLOCALPLACEMENT(#12,#13);
#15=IFCCARTESIANPOINT((17757.041877130399,27419.1196975649,400.));
#16=IFCDIRECTION((0.,0.,1.));
#17=IFCDIRECTION((0.99488683441300396,-0.100995973739908,0.));
#18=IFCAXIS2PLACEMENT3D(#15,#16,#17);
#19=IFCLOCALPLACEMENT(#14,#18);
#20=IFCCARTESIANPOINT((5416.,-158.,0.));
#21=IFCAXIS2PLACEMENT3D(#20,$,$);
#22=IFCLOCALPLACEMENT(#19,#21);
#23=IFCAXIS2PLACEMENT3D(#8,$,$);
#24=IFCDIRECTION((6.12303176911189E-17,1.));
#25=IFCGEOMETRICREPRESENTATIONCONTEXT($,'Model',3,0.01,#23,#24);
#26=IFCGEOMETRICREPRESENTATIONSUBCONTEXT('Body','Model',*,*,*,*,#25,$,.MODEL_VIEW.,$);
#27=IFCCARTESIANPOINT((1000.,449.99999999999898));
#28=IFCDIRECTION((0.,1.));
#29=IFCAXIS2PLACEMENT2D(#27,#28);
#30=IFCRECTANGLEPROFILEDEF(.AREA.,$,#29,900.,2000.);
#31=IFCDIRECTION((0.,1.,0.));
#32=IFCAXIS2PLACEMENT3D(#8,#31,#16);
#33=IFCEXTRUDEDAREASOLID(#30,#32,#16,316.);
#34=IFCSHAPEREPRESENTATION(#26,'Body','SweptSolid',(#33));
#35=IFCPRODUCTDEFINITIONSHAPE($,$,(#34));
#36=IFCOPENINGELEMENT('3Q87Kkn4X0hh69O$qpt9yD',#7,'M_Single-Flush:_900x2000mm:350702:1',$,'Opening',#22,#35,$);
#37=IFCAXIS2PLACEMENT3D(#8,$,$);
#38=IFCLOCALPLACEMENT(#22,#37);
#39=IFCAXIS2PLACEMENT3D(#8,$,$);
#40=IFCCARTESIANPOINT((-526.,-1057.));
#41=IFCCARTESIANPOINT((526.,-1057.));
#42=IFCCARTESIANPOINT((526.,1019.));
#43=IFCCARTESIANPOINT((450.,1019.));
#44=IFCCARTESIANPOINT((450.,-981.));
#45=IFCCARTESIANPOINT((-450.,-981.));
#46=IFCCARTESIANPOINT((-450.,1019.));
#47=IFCCARTESIANPOINT((-526.,1019.));
#48=IFCPOLYLINE((#40,#41,#42,#43,#44,#45,#46,#47,#40));
#49=IFCARBITRARYCLOSEDPROFILEDEF(.AREA.,'_900x2000mm',#48);
#50=IFCCARTESIANPOINT((450.,316.,1019.));
#51=IFCDIRECTION((1.,0.,0.));
#52=IFCAXIS2PLACEMENT3D(#50,#31,#51);
#53=IFCEXTRUDEDAREASOLID(#49,#52,#16,24.9999999999945);
#54=IFCCARTESIANPOINT((-1057.,-526.));
#55=IFCCARTESIANPOINT((1019.,-526.));
#56=IFCCARTESIANPOINT((1019.,-450.));
#57=IFCCARTESIANPOINT((-981.,-450.));
#58=IFCCARTESIANPOINT((-981.,450.));
#59=IFCCARTESIANPOINT((1019.,450.));
#60=IFCCARTESIANPOINT((1019.,526.));
#61=IFCCARTESIANPOINT((-1057.,526.));
#62=IFCPOLYLINE((#54,#55,#56,#57,#58,#59,#60,#61,#54));
#63=IFCARBITRARYCLOSEDPROFILEDEF(.AREA.,'_900x2000mm',#62);
#64=IFCCARTESIANPOINT((450.,-25.,1019.));
#65=IFCDIRECTION((0.,0.,-1.));
#66=IFCAXIS2PLACEMENT3D(#64,#31,#65);
#67=IFCEXTRUDEDAREASOLID(#63,#66,#16,25.000000000005599);
#68=IFCCARTESIANPOINT((0.,0.));
#69=IFCDIRECTION((1.,0.));
#70=IFCAXIS2PLACEMENT2D(#68,#69);
#71=IFCRECTANGLEPROFILEDEF(.AREA.,'_900x2000mm',#70,51.,900.);
#72=IFCCARTESIANPOINT((450.,290.49999999999898,0.));
#73=IFCAXIS2PLACEMENT3D(#72,#16,#31);
#74=IFCEXTRUDEDAREASOLID(#71,#73,#16,2000.);
#75=IFCSHAPEREPRESENTATION(#26,'Body','SweptSolid',(#53,#67,#74));
#76=IFCREPRESENTATIONMAP(#39,#75);
#77=IFCCARTESIANTRANSFORMATIONOPERATOR3D($,$,#8,1.,$);
#78=IFCMAPPEDITEM(#76,#77);
#79=IFCSHAPEREPRESENTATION(#26,'Body','MappedRepresentation',(#78));
#80=IFCPRODUCTDEFINITIONSHAPE($,$,(#79));
#81=IFCDOOR('3Q87Kkn4X0hh69O_upt9yD',#7,'M_Single-Flush:_900x2000mm:350702',$,'_900x2000mm',#38,#80,'350702',2000.,900.00000000000102);
#82=IFCRELFILLSELEMENT('0fOg4r88D2Hfk8cxkeuXw_',#7,$,$,#36,#81);
#83=IFCCARTESIANPOINT((29428.517600546202,26075.477376218099,400.));
#84=IFCDIRECTION((-0.100995973739911,-0.99488683441300396,0.));
#85=IFCAXIS2PLACEMENT3D(#83,#16,#84);
#86=IFCLOCALPLACEMENT(#14,#85);
#87=IFCCARTESIANPOINT((4441.,49.500000000000497,0.));
#88=IFCAXIS2PLACEMENT3D(#87,$,$);
#89=IFCLOCALPLACEMENT(#86,#88);
#90=IFCCARTESIANPOINT((1000.,400.));
#91=IFCDIRECTION((0.,-1.));
#92=IFCAXIS2PLACEMENT2D(#90,#91);
#93=IFCRECTANGLEPROFILEDEF(.AREA.,$,#92,800.,2000.);
#94=IFCDIRECTION((0.,-1.,0.));
#95=IFCAXIS2PLACEMENT3D(#8,#94,#16);
#96=IFCEXTRUDEDAREASOLID(#93,#95,#16,99.);
#97=IFCSHAPEREPRESENTATION(#26,'Body','SweptSolid',(#96));
#98=IFCPRODUCTDEFINITIONSHAPE($,$,(#97));
#99=IFCOPENINGELEMENT('0AcubLcjbDbQQeAhPg2aLo',#7,'M_Single-Flush:_800x2000mm:379616:1',$,'Opening',#89,#98,$);
#100=IFCDIRECTION((-1.,0.,0.));
#101=IFCAXIS2PLACEMENT3D(#8,#16,#100);
#102=IFCLOCALPLACEMENT(#89,#101);
#103=IFCAXIS2PLACEMENT3D(#8,$,$);
#104=IFCCARTESIANPOINT((-476.,-1057.));
#105=IFCCARTESIANPOINT((476.,-1057.));
#106=IFCCARTESIANPOINT((476.,1019.));
#107=IFCCARTESIANPOINT((400.,1019.));
#108=IFCCARTESIANPOINT((400.,-981.));
#109=IFCCARTESIANPOINT((-400.,-981.));
#110=IFCCARTESIANPOINT((-400.,1019.));
#111=IFCCARTESIANPOINT((-476.,1019.));
#112=IFCPOLYLINE((#104,#105,#106,#107,#108,#109,#110,#111,#104));
#113=IFCARBITRARYCLOSEDPROFILEDEF(.AREA.,'_800x2000mm',#112);
#114=IFCCARTESIANPOINT((400.,124.,1019.));
#115=IFCAXIS2PLACEMENT3D(#114,#94,#100);
#116=IFCEXTRUDEDAREASOLID(#113,#115,#16,24.9999999999945);
#117=IFCCARTESIANPOINT((-1057.,-476.));
#118=IFCCARTESIANPOINT((1019.,-476.));
#119=IFCCARTESIANPOINT((1019.,-400.));
#120=IFCCARTESIANPOINT((-981.,-400.));
#121=IFCCARTESIANPOINT((-981.,400.));
#122=IFCCARTESIANPOINT((1019.,400.));
#123=IFCCARTESIANPOINT((1019.,476.));
#124=IFCCARTESIANPOINT((-1057.,476.));
#125=IFCPOLYLINE((#117,#118,#119,#120,#121,#122,#123,#124,#117));
#126=IFCARBITRARYCLOSEDPROFILEDEF(.AREA.,'_800x2000mm',#125);
#127=IFCCARTESIANPOINT((400.,0.,1019.));
#128=IFCAXIS2PLACEMENT3D(#127,#94,#65);
#129=IFCEXTRUDEDAREASOLID(#126,#128,#16,25.000000000005599);
#130=IFCCARTESIANPOINT((0.,0.));
#131=IFCAXIS2PLACEMENT2D(#130,#69);
#132=IFCRECTANGLEPROFILEDEF(.AREA.,'_800x2000mm',#131,800.,51.);
#133=IFCCARTESIANPOINT((400.,73.499999999993804,0.));
#134=IFCAXIS2PLACEMENT3D(#133,$,$);
#135=IFCEXTRUDEDAREASOLID(#132,#134,#16,2000.);
#136=IFCSHAPEREPRESENTATION(#26,'Body','SweptSolid',(#116,#129,#135));
#137=IFCREPRESENTATIONMAP(#103,#136);
#138=IFCMAPPEDITEM(#137,#77);
#139=IFCSHAPEREPRESENTATION(#26,'Body','MappedRepresentation',(#138));
#140=IFCPRODUCTDEFINITIONSHAPE($,$,(#139));
#141=IFCDOOR('0AcubLcjbDbQQeAgLg2aLo',#7,'M_Single-Flush:_800x2000mm:379616',$,'_800x2000mm',#102,#140,'379616',2000.,800.00000000000102);
#142=IFCRELFILLSELEMENT('0mZs_waSP7kPs9NHbim2yX',#7,$,$,#99,#141);
#143=IFCCARTESIANPOINT((12398.,-158.,0.));
#144=IFCAXIS2PLACEMENT3D(#143,$,$);
#145=IFCLOCALPLACEMENT(#19,#144);
#146=IFCAXIS2PLACEMENT3D(#8,$,$);
#147=IFCLOCALPLACEMENT(#145,#146);
#148=IFCAXIS2PLACEMENT3D(#8,$,$);
#149=IFCCARTESIANPOINT((-526.,-1057.));
#150=IFCCARTESIANPOINT((526.,-1057.));
#151=IFCCARTESIANPOINT((526.,1019.));
#152=IFCCARTESIANPOINT((450.,1019.));
#153=IFCCARTESIANPOINT((450.,-981.));
#154=IFCCARTESIANPOINT((-450.,-981.));
#155=IFCCARTESIANPOINT((-450.,1019.));
#156=IFCCARTESIANPOINT((-526.,1019.));
#157=IFCPOLYLINE((#149,#150,#151,#152,#153,#154,#155,#156,#149));
#158=IFCARBITRARYCLOSEDPROFILEDEF(.AREA.,'_900x2000mm',#157);
#159=IFCCARTESIANPOINT((450.,341.,1019.));
#160=IFCAXIS2PLACEMENT3D(#159,#94,#100);
#161=IFCEXTRUDEDAREASOLID(#158,#160,#16,24.9999999999945);
#162=IFCCARTESIANPOINT((-1057.,-526.));
#163=IFCCARTESIANPOINT((1019.,-526.));
#164=IFCCARTESIANPOINT((1019.,-450.));
#165=IFCCARTESIANPOINT((-981.,-450.));
#166=IFCCARTESIANPOINT((-981.,450.));
#167=IFCCARTESIANPOINT((1019.,450.));
#168=IFCCARTESIANPOINT((1019.,526.));
#169=IFCCARTESIANPOINT((-1057.,526.));
#170=IFCPOLYLINE((#162,#163,#164,#165,#166,#167,#168,#169,#162));
#171=IFCARBITRARYCLOSEDPROFILEDEF(.AREA.,'_900x2000mm',#170);
#172=IFCCARTESIANPOINT((450.,0.,1019.));
#173=IFCAXIS2PLACEMENT3D(#172,#94,#65);
#174=IFCEXTRUDEDAREASOLID(#171,#173,#16,25.000000000005599);
#175=IFCCARTESIANPOINT((0.,1.7763568394002501E-14));
#176=IFCAXIS2PLACEMENT2D(#175,#69);
#177=IFCRECTANGLEPROFILEDEF(.AREA.,'_900x2000mm',#176,900.,51.);
#178=IFCCARTESIANPOINT((450.,290.49999999999397,0.));
#179=IFCAXIS2PLACEMENT3D(#178,$,$);
#180=IFCEXTRUDEDAREASOLID(#177,#179,#16,2000.);
#181=IFCSHAPEREPRESENTATION(#26,'Body','SweptSolid',(#161,#174,#180));
#182=IFCREPRESENTATIONMAP(#148,#181);
#183=IFCMAPPEDITEM(#182,#77);
#184=IFCSHAPEREPRESENTATION(#26,'Body','MappedRepresentation',(#183));
#185=IFCPRODUCTDEFINITIONSHAPE($,$,(#184));
#186=IFCDOOR('3Q87Kkn4X0hh69O_uptAY7',#7,'M_Single-Flush:_900x2000mm:355940',$,'_900x2000mm',#147,#185,'355940',2000.,900.00000000000205);
#187=IFCCARTESIANPOINT((24671.9636452177,26558.339126668601,400.));
#188=IFCDIRECTION((-0.10099597373991,-0.99488683441300396,0.));
#189=IFCAXIS2PLACEMENT3D(#187,#16,#188);
#190=IFCLOCALPLACEMENT(#14,#189);
#191=IFCCARTESIANPOINT((3641.,-49.499999999999602,0.));
#192=IFCAXIS2PLACEMENT3D(#191,$,$);
#193=IFCLOCALPLACEMENT(#190,#192);
#194=IFCAXIS2PLACEMENT3D(#8,$,$);
#195=IFCLOCALPLACEMENT(#193,#194);
#196=IFCAXIS2PLACEMENT3D(#8,$,$);
#197=IFCCARTESIANPOINT((-476.,-1057.));
#198=IFCCARTESIANPOINT((476.,-1057.));
#199=IFCCARTESIANPOINT((476.,1019.));
#200=IFCCARTESIANPOINT((400.,1019.));
#201=IFCCARTESIANPOINT((400.,-981.));
#202=IFCCARTESIANPOINT((-400.,-981.));
#203=IFCCARTESIANPOINT((-400.,1019.));
#204=IFCCARTESIANPOINT((-476.,1019.));
#205=IFCPOLYLINE((#197,#198,#199,#200,#201,#202,#203,#204,#197));
#206=IFCARBITRARYCLOSEDPROFILEDEF(.AREA.,'_800x2000mm',#205);
#207=IFCCARTESIANPOINT((400.,99.,1019.));
#208=IFCAXIS2PLACEMENT3D(#207,#31,#51);
#209=IFCEXTRUDEDAREASOLID(#206,#208,#16,24.9999999999945);
#210=IFCCARTESIANPOINT((-1057.,-476.));
#211=IFCCARTESIANPOINT((1019.,-476.));
#212=IFCCARTESIANPOINT((1019.,-400.));
#213=IFCCARTESIANPOINT((-981.,-400.));
#214=IFCCARTESIANPOINT((-981.,400.));
#215=IFCCARTESIANPOINT((1019.,400.));
#216=IFCCARTESIANPOINT((1019.,476.));
#217=IFCCARTESIANPOINT((-1057.,476.));
#218=IFCPOLYLINE((#210,#211,#212,#213,#214,#215,#216,#217,#210));
#219=IFCARBITRARYCLOSEDPROFILEDEF(.AREA.,'_800x2000mm',#218);
#220=IFCCARTESIANPOINT((400.,-25.,1019.));
#221=IFCAXIS2PLACEMENT3D(#220,#31,#65);
#222=IFCEXTRUDEDAREASOLID(#219,#221,#16,25.000000000005599);
#223=IFCCARTESIANPOINT((0.,0.));
#224=IFCAXIS2PLACEMENT2D(#223,#69);
#225=IFCRECTANGLEPROFILEDEF(.AREA.,'_800x2000mm',#224,51.,800.);
#226=IFCCARTESIANPOINT((400.,73.500000000000696,0.));
#227=IFCAXIS2PLACEMENT3D(#226,#16,#31);
#228=IFCEXTRUDEDAREASOLID(#225,#227,#16,2000.);
#229=IFCSHAPEREPRESENTATION(#26,'Body','SweptSolid',(#209,#222,#228));
#230=IFCREPRESENTATIONMAP(#196,#229);
#231=IFCMAPPEDITEM(#230,#77);
#232=IFCSHAPEREPRESENTATION(#26,'Body','MappedRepresentation',(#231));
#233=IFCPRODUCTDEFINITIONSHAPE($,$,(#232));
#234=IFCDOOR('3cDMTWgdr3igPBCsBF2w6N',#7,'M_Single-Flush:_800x2000mm:384451',$,'_800x2000mm',#195,#233,'384451',2000.,800.00000000000102);
#235=IFCCARTESIANPOINT((600.,-49.499999999995701,200.));
#236=IFCAXIS2PLACEMENT3D(#235,$,$);
#237=IFCLOCALPLACEMENT(#86,#236);
#238=IFCAXIS2PLACEMENT3D(#8,$,$);
#239=IFCLOCALPLACEMENT(#237,#238);
#240=IFCMAPPEDITEM(#137,#77);
#241=IFCSHAPEREPRESENTATION(#26,'Body','MappedRepresentation',(#240));
#242=IFCPRODUCTDEFINITIONSHAPE($,$,(#241));
#243=IFCDOOR('0AcubLcjbDbQQeAgLg2aP7',#7,'M_Single-Flush:_800x2000mm:379349',$,'_800x2000mm',#239,#242,'379349',2000.,800.00000000000102);
#244=IFCMATERIAL('Door - Frame');
#245=IFCMATERIAL('Laminate, Ivory, Matte');
#246=IFCMATERIALLIST((#244,#245));
#247=IFCRELASSOCIATESMATERIAL('0M1MET2ljBrOxP2YQlWB5n',#7,$,$,(#234),#246);
#248=IFCCARTESIANPOINT((1000.,450.00000000000102));
#249=IFCAXIS2PLACEMENT2D(#248,#91);
#250=IFCRECTANGLEPROFILEDEF(.AREA.,$,#249,900.,2000.);
#251=IFCAXIS2PLACEMENT3D(#8,#31,#16);
#252=IFCEXTRUDEDAREASOLID(#250,#251,#16,316.);
#253=IFCSHAPEREPRESENTATION(#26,'Body','SweptSolid',(#252));
#254=IFCPRODUCTDEFINITIONSHAPE($,$,(#253));
#255=IFCOPENINGELEMENT('3Q87Kkn4X0hh69O$qptAY7',#7,'M_Single-Flush:_900x2000mm:355940:1',$,'Opening',#145,#254,$);
#256=IFCRELFILLSELEMENT('2380VZmwP2jwIG2s6VF2qu',#7,$,$,#255,#186);
#257=IFCCARTESIANPOINT((1400.,49.500000000002302,200.));
#258=IFCAXIS2PLACEMENT3D(#257,$,$);
#259=IFCLOCALPLACEMENT(#190,#258);
#260=IFCCARTESIANPOINT((1000.,400.));
#261=IFCAXIS2PLACEMENT2D(#260,#28);
#262=IFCRECTANGLEPROFILEDEF(.AREA.,$,#261,800.,2000.);
#263=IFCAXIS2PLACEMENT3D(#8,#94,#16);
#264=IFCEXTRUDEDAREASOLID(#262,#263,#16,98.999999999999901);
#265=IFCSHAPEREPRESENTATION(#26,'Body','SweptSolid',(#264));
#266=IFCPRODUCTDEFINITIONSHAPE($,$,(#265));
#267=IFCOPENINGELEMENT('3cDMTWgdr3igPBCt7F2w6L',#7,'M_Single-Flush:_800x2000mm:384449:1',$,'Opening',#259,#266,$);
#268=IFCAXIS2PLACEMENT3D(#8,#16,#100);
#269=IFCLOCALPLACEMENT(#259,#268);
#270=IFCMAPPEDITEM(#230,#77);
#271=IFCSHAPEREPRESENTATION(#26,'Body','MappedRepresentation',(#270));
#272=IFCPRODUCTDEFINITIONSHAPE($,$,(#271));
#273=IFCDOOR('3cDMTWgdr3igPBCsBF2w6L',#7,'M_Single-Flush:_800x2000mm:384449',$,'_800x2000mm',#269,#272,'384449',2000.,800.00000000000102);
#274=IFCRELFILLSELEMENT('3uK7W4NfX5hBeGmQmX7Z1m',#7,$,$,#267,#273);
#275=IFCPROPERTYSINGLEVALUE('IsExternal',$,IFCBOOLEAN(.F.),$);
#276=IFCPROPERTYSINGLEVALUE('Reference',$,IFCIDENTIFIER('_800x2000mm'),$);
#277=IFCPROPERTYSINGLEVALUE('ThermalTransmittance',$,IFCTHERMALTRANSMITTANCEMEASURE(3.7021000000000002),$);
#278=IFCPROPERTYSET('3cDMTWgdr3igPBE9BF2w6L',#7,'Pset_DoorCommon',$,(#275,#276,#277));
#279=IFCRELDEFINESBYPROPERTIES('0vrk_50SL2ceruMS6oR$vm',#7,$,$,(#273),#278);
#280=IFCPROPERTYSINGLEVALUE('IsExternal',$,IFCBOOLEAN(.T.),$);
#281=IFCPROPERTYSINGLEVALUE('Reference',$,IFCIDENTIFIER('_900x2000mm'),$);
#282=IFCPROPERTYSINGLEVALUE('ThermalTransmittance',$,IFCTHERMALTRANSMITTANCEMEASURE(3.7021000000000002),$);
#283=IFCPROPERTYSET('3Q87Kkn4X0hh69Q1upt9yD',#7,'Pset_DoorCommon',$,(#280,#281,#282));
#284=IFCRELDEFINESBYPROPERTIES('0Ghl$iBjj7AxrsD1TFDvLd',#7,$,$,(#81),#283);
#285=IFCDOORLININGPROPERTIES('3Q87Kkn4X0hh69O_ypt9yD',#7,'M_Single-Flush:_900x2000mm:350702',$,$,$,$,$,$,$,$,$,$,$,$);
#286=IFCDOORPANELPROPERTIES('2k7$CoLm5DARFeCqCEXHnX',#7,'M_Single-Flush:_900x2000mm:350702',$,$,.SWINGING.,$,.NOTDEFINED.,$);
#287=IFCDOORSTYLE('3Q87Kkn4X0hh69O$ipt9rj',#7,'_900x2000mm',$,$,(#285,#286),(#76),'350699',.SINGLE_SWING_RIGHT.,.NOTDEFINED.,.F.,.F.);
#288=IFCRELDEFINESBYTYPE('0$LXEvg8rAZ8egdQLjpHXO',#7,$,$,(#81),#287);
#289=IFCDOORLININGPROPERTIES('3cDMTWgdr3igPBCsFF2w6L',#7,'M_Single-Flush:_800x2000mm:384449',$,$,$,$,$,$,$,$,$,$,$,$);
#290=IFCDOORPANELPROPERTIES('0CuI8m3Gj9OfbyURlDEtU9',#7,'M_Single-Flush:_800x2000mm:384449',$,$,.SWINGING.,$,.NOTDEFINED.,$);
#291=IFCDOORSTYLE('3cDMTWgdr3igPBCtVF2w6J',#7,'_800x2000mm',$,$,(#289,#290),(#230),'378772',.SINGLE_SWING_RIGHT.,.NOTDEFINED.,.F.,.F.);
#292=IFCRELDEFINESBYTYPE('36YOGi8OP3K9m8ezCJM39$',#7,$,$,(#273,#234),#291);
#293=IFCPROPERTYSINGLEVALUE('ThermalTransmittance',$,IFCTHERMALTRANSMITTANCEMEASURE(3.7021000000000002),$);
#294=IFCPROPERTYSET('3cDMTWgdr3igPBE9BF2w6N',#7,'Pset_DoorCommon',$,(#275,#276,#293));
#295=IFCRELDEFINESBYPROPERTIES('1pxoRyHcr8IxbkFvqmMd$M',#7,$,$,(#234),#294);
#296=IFCCARTESIANPOINT((1000.,400.00000000000199));
#297=IFCAXIS2PLACEMENT2D(#296,#28);
#298=IFCRECTANGLEPROFILEDEF(.AREA.,$,#297,800.,2000.);
#299=IFCAXIS2PLACEMENT3D(#8,#31,#16);
#300=IFCEXTRUDEDAREASOLID(#298,#299,#16,98.999999999999901);
#301=IFCSHAPEREPRESENTATION(#26,'Body','SweptSolid',(#300));
#302=IFCPRODUCTDEFINITIONSHAPE($,$,(#301));
#303=IFCOPENINGELEMENT('3cDMTWgdr3igPBCt7F2w6N',#7,'M_Single-Flush:_800x2000mm:384451:1',$,'Opening',#193,#302,$);
#304=IFCRELFILLSELEMENT('0obES6RZbBbhteK9AlG6XP',#7,$,$,#303,#234);
#305=IFCMATERIALLIST((#244,#245));
#306=IFCRELASSOCIATESMATERIAL('1J1C_3JQf7ghi1sr5xP59e',#7,$,$,(#141),#305);
#307=IFCPROPERTYSINGLEVALUE('ThermalTransmittance',$,IFCTHERMALTRANSMITTANCEMEASURE(3.7021000000000002),$);
#308=IFCPROPERTYSET('3Q87Kkn4X0hh69Q1uptAY7',#7,'Pset_DoorCommon',$,(#280,#281,#307));
#309=IFCRELDEFINESBYPROPERTIES('3jZ1kVyh1CMAokytknueac',#7,$,$,(#186),#308);
#310=IFCMATERIALLIST((#244,#245));
#311=IFCRELASSOCIATESMATERIAL('2aXH1G$8PFVeFU8OuMEDbV',#7,$,$,(#273),#310);
#312=IFCPROPERTYSINGLEVALUE('ThermalTransmittance',$,IFCTHERMALTRANSMITTANCEMEASURE(3.7021000000000002),$);
#313=IFCPROPERTYSET('0AcubLcjbDbQQe8LLg2aP7',#7,'Pset_DoorCommon',$,(#275,#276,#312));
#314=IFCRELDEFINESBYPROPERTIES('2Byxzkoo5BBwwmRufmCcap',#7,$,$,(#243),#313);
#315=IFCMATERIAL('Door - Panel');
#316=IFCMATERIALLIST((#244,#315));
#317=IFCRELASSOCIATESMATERIAL('3w39$dPYH818o3Tg9KqGTn',#7,$,$,(#81),#316);
#318=IFCPROPERTYSINGLEVALUE('ThermalTransmittance',$,IFCTHERMALTRANSMITTANCEMEASURE(3.7021000000000002),$);
#319=IFCPROPERTYSET('0AcubLcjbDbQQe8LLg2aLo',#7,'Pset_DoorCommon',$,(#275,#276,#318));
#320=IFCRELDEFINESBYPROPERTIES('0PolzhYAn53v99ZoQMKERT',#7,$,$,(#141),#319);
#321=IFCMATERIALLIST((#244,#315));
#322=IFCRELASSOCIATESMATERIAL('2SlaOKchj9HOi9ri5MWj47',#7,$,$,(#186),#321);
#323=IFCDOORLININGPROPERTIES('0AcubLcjbDbQQeAgHg2aP7',#7,'M_Single-Flush:_800x2000mm:379349',$,$,$,$,$,$,$,$,$,$,$,$);
#324=IFCDOORPANELPROPERTIES('0rHwo$J_vBdRBoD16TplPo',#7,'M_Single-Flush:_800x2000mm:379349',$,$,.SWINGING.,$,.NOTDEFINED.,$);
#325=IFCDOORSTYLE('0AcubLcjbDbQQeAh1g2aKf',#7,'_800x2000mm',$,$,(#323,#324),(#137),'378772',.SINGLE_SWING_LEFT.,.NOTDEFINED.,.F.,.F.);
#326=IFCRELDEFINESBYTYPE('3DdtUQk8j1ffPkp2DV$B8n',#7,$,$,(#243,#141),#325);
#327=IFCMATERIALLIST((#244,#245));
#328=IFCRELASSOCIATESMATERIAL('0x9EfFFjPDFB$LauDbaeAr',#7,$,$,(#243),#327);
#329=IFCCARTESIANPOINT((1000.,400.00000000000199));
#330=IFCAXIS2PLACEMENT2D(#329,#91);
#331=IFCRECTANGLEPROFILEDEF(.AREA.,$,#330,800.,2000.);
#332=IFCAXIS2PLACEMENT3D(#8,#31,#16);
#333=IFCEXTRUDEDAREASOLID(#331,#332,#16,99.);
#334=IFCSHAPEREPRESENTATION(#26,'Body','SweptSolid',(#333));
#335=IFCPRODUCTDEFINITIONSHAPE($,$,(#334));
#336=IFCOPENINGELEMENT('0AcubLcjbDbQQeAhPg2aP7',#7,'M_Single-Flush:_800x2000mm:379349:1',$,'Opening',#237,#335,$);
#337=IFCRELFILLSELEMENT('2Vpxlnwgn3r8BaVaqfTc4E',#7,$,$,#336,#243);
#338=IFCDOORLININGPROPERTIES('3Q87Kkn4X0hh69O_yptAY7',#7,'M_Single-Flush:_900x2000mm:355940',$,$,$,$,$,$,$,$,$,$,$,$);
#339=IFCDOORPANELPROPERTIES('35$9wav7rBLgXIIArqg14H',#7,'M_Single-Flush:_900x2000mm:355940',$,$,.SWINGING.,$,.NOTDEFINED.,$);
#340=IFCDOORSTYLE('3Q87Kkn4X0hh69O$iptAYB',#7,'_900x2000mm',$,$,(#338,#339),(#182),'350699',.SINGLE_SWING_LEFT.,.NOTDEFINED.,.F.,.F.);
#341=IFCRELDEFINESBYTYPE('0Ynegn90LFrwNAHWpe9hOQ',#7,$,$,(#186),#340);
#342=IFCAXIS2PLACEMENT3D(#8,$,$);
#343=IFCLOCALPLACEMENT(#14,#342);
#344=IFCCARTESIANPOINT((4.5474735088646404E-12,-2.5011104298755498E-12));
#345=IFCAXIS2PLACEMENT2D(#344,#69);
#346=IFCRECTANGLEPROFILEDEF(.AREA.,'_Bjelkelag 298mm',#345,18600.,4900.00000000001);
#347=IFCCARTESIANPOINT((26354.277367840201,19461.1430755033,0.));
#348=IFCDIRECTION((0.99488683441300396,-0.100995973739909,0.));
#349=IFCAXIS2PLACEMENT3D(#347,#65,#348);
#350=IFCEXTRUDEDAREASOLID(#346,#349,#16,298.);
#351=IFCSHAPEREPRESENTATION(#26,'Body','SweptSolid',(#350));
#352=IFCPRODUCTDEFINITIONSHAPE($,$,(#351));
#353=IFCSLAB('2hzaksm_vDFR56vznGJONR',#7,'Floor:_Bjelkelag 298mm:345269',$,'Floor:_Bjelkelag 298mm',#343,#352,'345269',.FLOOR.);
#354=IFCCARTESIANPOINT((17339.1703460881,22738.389692155,0.));
#355=IFCDIRECTION((0.99488683441300296,-0.100995973739912,0.));
#356=IFCAXIS2PLACEMENT3D(#354,#16,#355);
#357=IFCLOCALPLACEMENT(#14,#356);
#358=IFCGEOMETRICREPRESENTATIONSUBCONTEXT('Axis','Model',*,*,*,*,#25,$,.GRAPH_VIEW.,$);
#359=IFCCARTESIANPOINT((0.,0.));
#360=IFCCARTESIANPOINT((18600.,-0.));
#361=IFCPOLYLINE((#359,#360));
#362=IFCSHAPEREPRESENTATION(#358,'Axis','Curve2D',(#361));
#363=IFCCARTESIANPOINT((9300.00000000002,-4.9027448767446903E-13));
#364=IFCDIRECTION((-1.,0.));
#365=IFCAXIS2PLACEMENT2D(#363,#364);
#366=IFCRECTANGLEPROFILEDEF(.AREA.,$,#365,18600.,200.00000000000199);
#367=IFCAXIS2PLACEMENT3D(#8,$,$);
#368=IFCEXTRUDEDAREASOLID(#366,#367,#16,102.);
#369=IFCSHAPEREPRESENTATION(#26,'Body','SweptSolid',(#368));
#370=IFCPRODUCTDEFINITIONSHAPE($,$,(#362,#369));
#371=IFCWALLSTANDARDCASE('1xzRHg5wPCVvg4uLjqox1I',#7,'Basic Wall:Generic - 200mm:345653',$,'Basic Wall:Generic - 200mm:398',#357,#370,'345653');
#372=IFCAXIS2PLACEMENT3D(#8,$,$);
#373=IFCLOCALPLACEMENT(#14,#372);
#374=IFCCARTESIANPOINT((-3650.,-6875.));
#375=IFCCARTESIANPOINT((1250.,-6875.));
#376=IFCCARTESIANPOINT((1250.,-2775.));
#377=IFCCARTESIANPOINT((1150.,-2775.));
#378=IFCCARTESIANPOINT((1150.,-2075.));
#379=IFCCARTESIANPOINT((1250.,-2075.));
#380=IFCCARTESIANPOINT((1250.,11725.));
#381=IFCCARTESIANPOINT((-3650.,11725.));
#382=IFCPOLYLINE((#374,#375,#376,#377,#378,#379,#380,#381,#374));
#383=IFCARBITRARYCLOSEDPROFILEDEF(.AREA.,'_Bjelkelag 298mm',#382);
#384=IFCCARTESIANPOINT((29120.3638493814,22698.331759629498,400.));
#385=IFCDIRECTION((-0.100995973739906,-0.99488683441300396,0.));
#386=IFCAXIS2PLACEMENT3D(#384,#65,#385);
#387=IFCEXTRUDEDAREASOLID(#383,#386,#16,298.);
#388=IFCSHAPEREPRESENTATION(#26,'Body','SweptSolid',(#387));
#389=IFCPRODUCTDEFINITIONSHAPE($,$,(#388));
#390=IFCSLAB('1xzRHg5wPCVvg4uLjqoxzb',#7,'Floor:_Bjelkelag 298mm:346370',$,'Floor:_Bjelkelag 298mm',#373,#389,'346370',.FLOOR.);
#391=IFCCARTESIANPOINT((18398.,0.));
#392=IFCPOLYLINE((#359,#391));
#393=IFCSHAPEREPRESENTATION(#358,'Axis','Curve2D',(#392));
#394=IFCCARTESIANPOINT((9199.,-8.8107299234252403E-13));
#395=IFCAXIS2PLACEMENT2D(#394,#364);
#396=IFCRECTANGLEPROFILEDEF(.AREA.,$,#395,18398.,315.99999999999699);
#397=IFCAXIS2PLACEMENT3D(#8,$,$);
#398=IFCEXTRUDEDAREASOLID(#396,#397,#16,2152.);
#399=IFCCARTESIANPOINT((255.,-158.,2152.));
#400=IFCAXIS2PLACEMENT3D(#399,#65,#51);
#401=IFCPLANE(#400);
#402=IFCCARTESIANPOINT((255.,-158.,2152.));
#403=IFCAXIS2PLACEMENT3D(#402,$,$);
#404=IFCCARTESIANPOINT((61.,-0.));
#405=IFCCARTESIANPOINT((9052.5000000000491,0.));
#406=IFCCARTESIANPOINT((9151.5000000000491,0.));
#407=IFCCARTESIANPOINT((18143.,0.));
#408=IFCCARTESIANPOINT((18143.,316.));
#409=IFCCARTESIANPOINT((-0.,316.));
#410=IFCPOLYLINE((#359,#404,#405,#406,#407,#408,#409,#359));
#411=IFCPOLYGONALBOUNDEDHALFSPACE(#401,.T.,#403,#410);
#412=IFCBOOLEANCLIPPINGRESULT(.DIFFERENCE.,#398,#411);
#413=IFCSHAPEREPRESENTATION(#26,'Body','Clipping',(#412));
#414=IFCPRODUCTDEFINITIONSHAPE($,$,(#393,#413));
#415=IFCWALLSTANDARDCASE('3Q87Kkn4X0hh69O_upt9P1',#7,'Basic Wall:_Bindeingsverk 316mm:348322',$,'Basic Wall:_Bindeingsverk 316mm:347474',#19,#414,'348322');
#416=IFCCARTESIANPOINT((16949.116471909099,17896.023744063201,0.));
#417=IFCDIRECTION((0.100995973739903,0.99488683441300396,0.));
#418=IFCAXIS2PLACEMENT3D(#416,#16,#417);
#419=IFCLOCALPLACEMENT(#14,#418);
#420=IFCCARTESIANPOINT((9398.,0.));
#421=IFCPOLYLINE((#359,#420));
#422=IFCSHAPEREPRESENTATION(#358,'Axis','Curve2D',(#421));
#423=IFCCARTESIANPOINT((4699.00000000004,-3.97903932025656E-13));
#424=IFCAXIS2PLACEMENT2D(#423,#364);
#425=IFCRECTANGLEPROFILEDEF(.AREA.,$,#424,9398.00000000008,316.00000000000102);
#426=IFCAXIS2PLACEMENT3D(#8,$,$);
#427=IFCEXTRUDEDAREASOLID(#425,#426,#16,2552.00000000002);
#428=IFCCARTESIANPOINT((0.,-158.,2552.));
#429=IFCAXIS2PLACEMENT3D(#428,#65,#94);
#430=IFCPLANE(#429);
#431=IFCCARTESIANPOINT((0.,-158.,2552.));
#432=IFCAXIS2PLACEMENT3D(#431,$,$);
#433=IFCCARTESIANPOINT((316.,-0.));
#434=IFCCARTESIANPOINT((9398.,-0.));
#435=IFCCARTESIANPOINT((9398.,61.));
#436=IFCCARTESIANPOINT((0.,61.));
#437=IFCPOLYLINE((#359,#433,#434,#435,#436,#359));
#438=IFCPOLYGONALBOUNDEDHALFSPACE(#430,.T.,#432,#437);
#439=IFCBOOLEANCLIPPINGRESULT(.DIFFERENCE.,#427,#438);
#440=IFCSHAPEREPRESENTATION(#26,'Body','Clipping',(#439));
#441=IFCPRODUCTDEFINITIONSHAPE($,$,(#422,#440));
#442=IFCWALLSTANDARDCASE('3Q87Kkn4X0hh69O_upt9P0',#7,'Basic Wall:_Bindeingsverk 316mm:348323',$,'Basic Wall:_Bindeingsverk 316mm:347474',#419,#441,'348323');
#443=IFCCARTESIANPOINT((35426.193935127703,16179.134575182699,0.));
#444=IFCDIRECTION((-0.99488683441300396,0.100995973739909,0.));
#445=IFCAXIS2PLACEMENT3D(#443,#16,#444);
#446=IFCLOCALPLACEMENT(#14,#445);
#447=IFCCARTESIANPOINT((18398.,0.));
#448=IFCPOLYLINE((#359,#447));
#449=IFCSHAPEREPRESENTATION(#358,'Axis','Curve2D',(#448));
#450=IFCCARTESIANPOINT((9198.99999999998,3.5527136788004999E-13));
#451=IFCAXIS2PLACEMENT2D(#450,#364);
#452=IFCRECTANGLEPROFILEDEF(.AREA.,$,#451,18398.,316.00000000000102);
#453=IFCAXIS2PLACEMENT3D(#8,$,$);
#454=IFCEXTRUDEDAREASOLID(#452,#453,#16,2552.);
#455=IFCCARTESIANPOINT((255.,-158.,2552.));
#456=IFCAXIS2PLACEMENT3D(#455,#65,#100);
#457=IFCPLANE(#456);
#458=IFCCARTESIANPOINT((255.,-158.,2552.));
#459=IFCAXIS2PLACEMENT3D(#458,$,$);
#460=IFCCARTESIANPOINT((61.,0.));
#461=IFCCARTESIANPOINT((9052.4999999999709,0.));
#462=IFCCARTESIANPOINT((9151.4999999999709,0.));
#463=IFCCARTESIANPOINT((18143.,0.));
#464=IFCCARTESIANPOINT((18143.,316.));
#465=IFCCARTESIANPOINT((-0.,316.));
#466=IFCPOLYLINE((#359,#460,#461,#462,#463,#464,#465,#359));
#467=IFCPOLYGONALBOUNDEDHALFSPACE(#457,.T.,#459,#466);
#468=IFCBOOLEANCLIPPINGRESULT(.DIFFERENCE.,#454,#467);
#469=IFCSHAPEREPRESENTATION(#26,'Body','Clipping',(#468));
#470=IFCPRODUCTDEFINITIONSHAPE($,$,(#449,#469));
#471=IFCWALLSTANDARDCASE('3Q87Kkn4X0hh69O_upt9P7',#7,'Basic Wall:_Bindeingsverk 316mm:348324',$,'Basic Wall:_Bindeingsverk 316mm:347474',#446,#470,'348324');
#472=IFCCARTESIANPOINT((36234.119340349003,25702.230528684398,0.));
#473=IFCDIRECTION((-0.100995973739909,-0.99488683441300396,0.));
#474=IFCAXIS2PLACEMENT3D(#472,#16,#473);
#475=IFCLOCALPLACEMENT(#14,#474);
#476=IFCCARTESIANPOINT((9398.,0.));
#477=IFCPOLYLINE((#359,#476));
#478=IFCSHAPEREPRESENTATION(#358,'Axis','Curve2D',(#477));
#479=IFCCARTESIANPOINT((4699.00000000006,8.3844042819691802E-13));
#480=IFCAXIS2PLACEMENT2D(#479,#364);
#481=IFCRECTANGLEPROFILEDEF(.AREA.,$,#480,9398.0000000001201,315.99999999999699);
#482=IFCAXIS2PLACEMENT3D(#8,$,$);
#483=IFCEXTRUDEDAREASOLID(#481,#482,#16,2552.00000000002);
#484=IFCCARTESIANPOINT((0.,-158.,2552.));
#485=IFCAXIS2PLACEMENT3D(#484,#65,#31);
#486=IFCPLANE(#485);
#487=IFCCARTESIANPOINT((0.,-158.,2552.));
#488=IFCAXIS2PLACEMENT3D(#487,$,$);
#489=IFCCARTESIANPOINT((316.,0.));
#490=IFCCARTESIANPOINT((9398.,0.));
#491=IFCCARTESIANPOINT((9398.,61.));
#492=IFCCARTESIANPOINT((-0.,61.));
#493=IFCPOLYLINE((#359,#489,#490,#491,#492,#359));
#494=IFCPOLYGONALBOUNDEDHALFSPACE(#486,.T.,#488,#493);
#495=IFCBOOLEANCLIPPINGRESULT(.DIFFERENCE.,#483,#494);
#496=IFCSHAPEREPRESENTATION(#26,'Body','Clipping',(#495));
#497=IFCPRODUCTDEFINITIONSHAPE($,$,(#478,#496));
#498=IFCWALLSTANDARDCASE('3Q87Kkn4X0hh69O_upt9P6',#7,'Basic Wall:_Bindeingsverk 316mm:348325',$,'Basic Wall:_Bindeingsverk 316mm:347474',#475,#497,'348325');
#499=IFCCARTESIANPOINT((407.,-158.,200.));
#500=IFCAXIS2PLACEMENT3D(#499,$,$);
#501=IFCLOCALPLACEMENT(#446,#500);
#502=IFCAXIS2PLACEMENT3D(#8,$,$);
#503=IFCLOCALPLACEMENT(#501,#502);
#504=IFCAXIS2PLACEMENT3D(#8,$,$);
#505=IFCCARTESIANPOINT((8.4376949871511897E-15,0.));
#506=IFCAXIS2PLACEMENT2D(#505,#69);
#507=IFCRECTANGLEPROFILEDEF(.AREA.,'_1400x2200mm',#506,12.,1274.);
#508=IFCCARTESIANPOINT((700.,275.,63.));
#509=IFCAXIS2PLACEMENT3D(#508,#16,#94);
#510=IFCEXTRUDEDAREASOLID(#507,#509,#16,2074.00000000001);
#511=IFCCARTESIANPOINT((-681.,-1081.));
#512=IFCCARTESIANPOINT((681.,-1081.));
#513=IFCCARTESIANPOINT((681.,1081.));
#514=IFCCARTESIANPOINT((-681.,1081.));
#515=IFCPOLYLINE((#511,#512,#513,#514,#511));
#516=IFCCARTESIANPOINT((-637.,-1037.));
#517=IFCCARTESIANPOINT((-637.,1037.));
#518=IFCCARTESIANPOINT((637.,1037.));
#519=IFCCARTESIANPOINT((637.,-1037.));
#520=IFCPOLYLINE((#516,#517,#518,#519,#516));
#521=IFCARBITRARYPROFILEDEFWITHVOIDS(.AREA.,'_1400x2200mm',#515,(#520));
#522=IFCCARTESIANPOINT((700.,253.,1100.));
#523=IFCAXIS2PLACEMENT3D(#522,#31,#51);
#524=IFCEXTRUDEDAREASOLID(#521,#523,#16,44.000000000027399);
#525=IFCCARTESIANPOINT((-700.,-1100.));
#526=IFCCARTESIANPOINT((700.,-1100.));
#527=IFCCARTESIANPOINT((700.,1100.));
#528=IFCCARTESIANPOINT((-700.,1100.));
#529=IFCPOLYLINE((#525,#526,#527,#528,#525));
#530=IFCCARTESIANPOINT((-681.,-1081.));
#531=IFCCARTESIANPOINT((-681.,1081.));
#532=IFCCARTESIANPOINT((681.,1081.));
#533=IFCCARTESIANPOINT((681.,-1081.));
#534=IFCPOLYLINE((#530,#531,#532,#533,#530));
#535=IFCARBITRARYPROFILEDEFWITHVOIDS(.AREA.,'_1400x2200mm',#529,(#534));
#536=IFCCARTESIANPOINT((700.,253.,1100.));
#537=IFCAXIS2PLACEMENT3D(#536,#31,#51);
#538=IFCEXTRUDEDAREASOLID(#535,#537,#16,63.000000000027399);
#539=IFCCARTESIANPOINT((-700.,-1100.));
#540=IFCCARTESIANPOINT((700.,-1100.));
#541=IFCCARTESIANPOINT((700.,1100.));
#542=IFCCARTESIANPOINT((-700.,1100.));
#543=IFCPOLYLINE((#539,#540,#541,#542,#539));
#544=IFCCARTESIANPOINT((-668.,-1068.));
#545=IFCCARTESIANPOINT((-668.,1068.));
#546=IFCCARTESIANPOINT((668.,1068.));
#547=IFCCARTESIANPOINT((668.,-1068.));
#548=IFCPOLYLINE((#544,#545,#546,#547,#544));
#549=IFCARBITRARYPROFILEDEFWITHVOIDS(.AREA.,'_1400x2200mm',#543,(#548));
#550=IFCCARTESIANPOINT((700.,0.,1100.));
#551=IFCAXIS2PLACEMENT3D(#550,#31,#51);
#552=IFCEXTRUDEDAREASOLID(#549,#551,#16,252.999999999973);
#553=IFCSHAPEREPRESENTATION(#26,'Body','SweptSolid',(#510,#524,#538,#552));
#554=IFCREPRESENTATIONMAP(#504,#553);
#555=IFCMAPPEDITEM(#554,#77);
#556=IFCSHAPEREPRESENTATION(#26,'Body','MappedRepresentation',(#555));
#557=IFCPRODUCTDEFINITIONSHAPE($,$,(#556));
#558=IFCWINDOW('3Q87Kkn4X0hh69O_upt9N3',#7,'M_Fixed:_1400x2200mm:348960',$,'_1400x2200mm',#503,#557,'348960',2200.,1400.);
#559=IFCCARTESIANPOINT((1907.,-158.,200.));
#560=IFCAXIS2PLACEMENT3D(#559,$,$);
#561=IFCLOCALPLACEMENT(#446,#560);
#562=IFCAXIS2PLACEMENT3D(#8,$,$);
#563=IFCLOCALPLACEMENT(#561,#562);
#564=IFCMAPPEDITEM(#554,#77);
#565=IFCSHAPEREPRESENTATION(#26,'Body','MappedRepresentation',(#564));
#566=IFCPRODUCTDEFINITIONSHAPE($,$,(#565));
#567=IFCWINDOW('3Q87Kkn4X0hh69O_upt9xy',#7,'M_Fixed:_1400x2200mm:350239',$,'_1400x2200mm',#563,#566,'350239',2200.,1400.);
#568=IFCCARTESIANPOINT((3407.,-158.,200.));
#569=IFCAXIS2PLACEMENT3D(#568,$,$);
#570=IFCLOCALPLACEMENT(#446,#569);
#571=IFCAXIS2PLACEMENT3D(#8,$,$);
#572=IFCLOCALPLACEMENT(#570,#571);
#573=IFCMAPPEDITEM(#554,#77);
#574=IFCSHAPEREPRESENTATION(#26,'Body','MappedRepresentation',(#573));
#575=IFCPRODUCTDEFINITIONSHAPE($,$,(#574));
#576=IFCWINDOW('3Q87Kkn4X0hh69O_upt9$i',#7,'M_Fixed:_1400x2200mm:350479',$,'_1400x2200mm',#572,#575,'350479',2200.,1400.);
#577=IFCCARTESIANPOINT((4907.,-158.,200.));
#578=IFCAXIS2PLACEMENT3D(#577,$,$);
#579=IFCLOCALPLACEMENT(#446,#578);
#580=IFCAXIS2PLACEMENT3D(#8,$,$);
#581=IFCLOCALPLACEMENT(#579,#580);
#582=IFCMAPPEDITEM(#554,#77);
#583=IFCSHAPEREPRESENTATION(#26,'Body','MappedRepresentation',(#582));
#584=IFCPRODUCTDEFINITIONSHAPE($,$,(#583));
#585=IFCWINDOW('3Q87Kkn4X0hh69O_upt9$t',#7,'M_Fixed:_1400x2200mm:350484',$,'_1400x2200mm',#581,#584,'350484',2200.,1400.);
#586=IFCCARTESIANPOINT((6407.,-158.,200.));
#587=IFCAXIS2PLACEMENT3D(#586,$,$);
#588=IFCLOCALPLACEMENT(#446,#587);
#589=IFCAXIS2PLACEMENT3D(#8,$,$);
#590=IFCLOCALPLACEMENT(#588,#589);
#591=IFCMAPPEDITEM(#554,#77);
#592=IFCSHAPEREPRESENTATION(#26,'Body','MappedRepresentation',(#591));
#593=IFCPRODUCTDEFINITIONSHAPE($,$,(#592));
#594=IFCWINDOW('3Q87Kkn4X0hh69O_upt9$w',#7,'M_Fixed:_1400x2200mm:350489',$,'_1400x2200mm',#590,#593,'350489',2200.,1400.);
#595=IFCCARTESIANPOINT((7907.,-158.,200.));
#596=IFCAXIS2PLACEMENT3D(#595,$,$);
#597=IFCLOCALPLACEMENT(#446,#596);
#598=IFCAXIS2PLACEMENT3D(#8,$,$);
#599=IFCLOCALPLACEMENT(#597,#598);
#600=IFCMAPPEDITEM(#554,#77);
#601=IFCSHAPEREPRESENTATION(#26,'Body','MappedRepresentation',(#600));
#602=IFCPRODUCTDEFINITIONSHAPE($,$,(#601));
#603=IFCWINDOW('3Q87Kkn4X0hh69O_upt9$z',#7,'M_Fixed:_1400x2200mm:350494',$,'_1400x2200mm',#599,#602,'350494',2200.,1400.);
#604=IFCCARTESIANPOINT((9407.,-158.,200.));
#605=IFCAXIS2PLACEMENT3D(#604,$,$);
#606=IFCLOCALPLACEMENT(#446,#605);
#607=IFCAXIS2PLACEMENT3D(#8,$,$);
#608=IFCLOCALPLACEMENT(#606,#607);
#609=IFCMAPPEDITEM(#554,#77);
#610=IFCSHAPEREPRESENTATION(#26,'Body','MappedRepresentation',(#609));
#611=IFCPRODUCTDEFINITIONSHAPE($,$,(#610));
#612=IFCWINDOW('3Q87Kkn4X0hh69O_upt9$0',#7,'M_Fixed:_1400x2200mm:350499',$,'_1400x2200mm',#608,#611,'350499',2200.,1400.);
#613=IFCCARTESIANPOINT((10907.,-158.,200.));
#614=IFCAXIS2PLACEMENT3D(#613,$,$);
#615=IFCLOCALPLACEMENT(#446,#614);
#616=IFCAXIS2PLACEMENT3D(#8,$,$);
#617=IFCLOCALPLACEMENT(#615,#616);
#618=IFCMAPPEDITEM(#554,#77);
#619=IFCSHAPEREPRESENTATION(#26,'Body','MappedRepresentation',(#618));
#620=IFCPRODUCTDEFINITIONSHAPE($,$,(#619));
#621=IFCWINDOW('3Q87Kkn4X0hh69O_upt9$B',#7,'M_Fixed:_1400x2200mm:350504',$,'_1400x2200mm',#617,#620,'350504',2200.,1400.);
#622=IFCCARTESIANPOINT((12407.,-158.,200.));
#623=IFCAXIS2PLACEMENT3D(#622,$,$);
#624=IFCLOCALPLACEMENT(#446,#623);
#625=IFCAXIS2PLACEMENT3D(#8,$,$);
#626=IFCLOCALPLACEMENT(#624,#625);
#627=IFCMAPPEDITEM(#554,#77);
#628=IFCSHAPEREPRESENTATION(#26,'Body','MappedRepresentation',(#627));
#629=IFCPRODUCTDEFINITIONSHAPE($,$,(#628));
#630=IFCWINDOW('3Q87Kkn4X0hh69O_upt9$E',#7,'M_Fixed:_1400x2200mm:350509',$,'_1400x2200mm',#626,#629,'350509',2200.,1400.);
#631=IFCCARTESIANPOINT((13907.,-158.,200.));
#632=IFCAXIS2PLACEMENT3D(#631,$,$);
#633=IFCLOCALPLACEMENT(#446,#632);
#634=IFCAXIS2PLACEMENT3D(#8,$,$);
#635=IFCLOCALPLACEMENT(#633,#634);
#636=IFCMAPPEDITEM(#554,#77);
#637=IFCSHAPEREPRESENTATION(#26,'Body','MappedRepresentation',(#636));
#638=IFCPRODUCTDEFINITIONSHAPE($,$,(#637));
#639=IFCWINDOW('3Q87Kkn4X0hh69O_upt9$H',#7,'M_Fixed:_1400x2200mm:350514',$,'_1400x2200mm',#635,#638,'350514',2200.,1400.);
#640=IFCCARTESIANPOINT((15407.,-158.,200.));
#641=IFCAXIS2PLACEMENT3D(#640,$,$);
#642=IFCLOCALPLACEMENT(#446,#641);
#643=IFCAXIS2PLACEMENT3D(#8,$,$);
#644=IFCLOCALPLACEMENT(#642,#643);
#645=IFCMAPPEDITEM(#554,#77);
#646=IFCSHAPEREPRESENTATION(#26,'Body','MappedRepresentation',(#645));
#647=IFCPRODUCTDEFINITIONSHAPE($,$,(#646));
#648=IFCWINDOW('3Q87Kkn4X0hh69O_upt9$K',#7,'M_Fixed:_1400x2200mm:350519',$,'_1400x2200mm',#644,#647,'350519',2200.,1400.);
#649=IFCCARTESIANPOINT((16907.,-158.,200.));
#650=IFCAXIS2PLACEMENT3D(#649,$,$);
#651=IFCLOCALPLACEMENT(#446,#650);
#652=IFCAXIS2PLACEMENT3D(#8,$,$);
#653=IFCLOCALPLACEMENT(#651,#652);
#654=IFCMAPPEDITEM(#554,#77);
#655=IFCSHAPEREPRESENTATION(#26,'Body','MappedRepresentation',(#654));
#656=IFCPRODUCTDEFINITIONSHAPE($,$,(#655));
#657=IFCWINDOW('3Q87Kkn4X0hh69O_upt9$V',#7,'M_Fixed:_1400x2200mm:350524',$,'_1400x2200mm',#653,#656,'350524',2200.,1400.);
#658=IFCCARTESIANPOINT((3441.,-158.,1250.));
#659=IFCAXIS2PLACEMENT3D(#658,$,$);
#660=IFCLOCALPLACEMENT(#19,#659);
#661=IFCAXIS2PLACEMENT3D(#8,$,$);
#662=IFCLOCALPLACEMENT(#660,#661);
#663=IFCAXIS2PLACEMENT3D(#8,$,$);
#664=IFCCARTESIANPOINT((8.4376949871511897E-15,0.));
#665=IFCAXIS2PLACEMENT2D(#664,#69);
#666=IFCRECTANGLEPROFILEDEF(.AREA.,'_800x750mm',#665,12.,673.99999999999795);
#667=IFCCARTESIANPOINT((400.,275.,63.));
#668=IFCAXIS2PLACEMENT3D(#667,#16,#94);
#669=IFCEXTRUDEDAREASOLID(#666,#668,#16,624.00000000000796);
#670=IFCCARTESIANPOINT((-381.,-356.));
#671=IFCCARTESIANPOINT((381.,-356.));
#672=IFCCARTESIANPOINT((381.,356.));
#673=IFCCARTESIANPOINT((-381.,356.));
#674=IFCPOLYLINE((#670,#671,#672,#673,#670));
#675=IFCCARTESIANPOINT((-337.,-312.));
#676=IFCCARTESIANPOINT((-337.,312.));
#677=IFCCARTESIANPOINT((337.,312.));
#678=IFCCARTESIANPOINT((337.,-312.));
#679=IFCPOLYLINE((#675,#676,#677,#678,#675));
#680=IFCARBITRARYPROFILEDEFWITHVOIDS(.AREA.,'_800x750mm',#674,(#679));
#681=IFCCARTESIANPOINT((400.,253.,375.));
#682=IFCAXIS2PLACEMENT3D(#681,#31,#51);
#683=IFCEXTRUDEDAREASOLID(#680,#682,#16,44.000000000027399);
#684=IFCCARTESIANPOINT((-400.,-375.));
#685=IFCCARTESIANPOINT((400.,-375.));
#686=IFCCARTESIANPOINT((400.,375.));
#687=IFCCARTESIANPOINT((-400.,375.));
#688=IFCPOLYLINE((#684,#685,#686,#687,#684));
#689=IFCCARTESIANPOINT((-381.,-356.));
#690=IFCCARTESIANPOINT((-381.,356.));
#691=IFCCARTESIANPOINT((381.,356.));
#692=IFCCARTESIANPOINT((381.,-356.));
#693=IFCPOLYLINE((#689,#690,#691,#692,#689));
#694=IFCARBITRARYPROFILEDEFWITHVOIDS(.AREA.,'_800x750mm',#688,(#693));
#695=IFCCARTESIANPOINT((400.,253.,375.));
#696=IFCAXIS2PLACEMENT3D(#695,#31,#51);
#697=IFCEXTRUDEDAREASOLID(#694,#696,#16,63.000000000027399);
#698=IFCCARTESIANPOINT((-400.,-375.));
#699=IFCCARTESIANPOINT((400.,-375.));
#700=IFCCARTESIANPOINT((400.,375.));
#701=IFCCARTESIANPOINT((-400.,375.));
#702=IFCPOLYLINE((#698,#699,#700,#701,#698));
#703=IFCCARTESIANPOINT((-368.,-343.));
#704=IFCCARTESIANPOINT((-368.,343.));
#705=IFCCARTESIANPOINT((368.,343.));
#706=IFCCARTESIANPOINT((368.,-343.));
#707=IFCPOLYLINE((#703,#704,#705,#706,#703));
#708=IFCARBITRARYPROFILEDEFWITHVOIDS(.AREA.,'_800x750mm',#702,(#707));
#709=IFCCARTESIANPOINT((400.,0.,375.));
#710=IFCAXIS2PLACEMENT3D(#709,#31,#51);
#711=IFCEXTRUDEDAREASOLID(#708,#710,#16,252.999999999973);
#712=IFCSHAPEREPRESENTATION(#26,'Body','SweptSolid',(#669,#683,#697,#711));
#713=IFCREPRESENTATIONMAP(#663,#712);
#714=IFCMAPPEDITEM(#713,#77);
#715=IFCSHAPEREPRESENTATION(#26,'Body','MappedRepresentation',(#714));
#716=IFCPRODUCTDEFINITIONSHAPE($,$,(#715));
#717=IFCWINDOW('3Q87Kkn4X0hh69O_upt9Xn',#7,'M_Fixed:_800x750mm:351890',$,'_800x750mm',#662,#716,'351890',749.99999999999898,800.00000000000102);
#718=IFCCARTESIANPOINT((7016.,-158.,1250.));
#719=IFCAXIS2PLACEMENT3D(#718,$,$);
#720=IFCLOCALPLACEMENT(#19,#719);
#721=IFCAXIS2PLACEMENT3D(#8,$,$);
#722=IFCLOCALPLACEMENT(#720,#721);
#723=IFCAXIS2PLACEMENT3D(#8,$,$);
#724=IFCCARTESIANPOINT((8.4376949871511897E-15,0.));
#725=IFCAXIS2PLACEMENT2D(#724,#69);
#726=IFCRECTANGLEPROFILEDEF(.AREA.,'_1100x700mm',#725,12.,973.99999999999704);
#727=IFCCARTESIANPOINT((550.,275.,63.));
#728=IFCAXIS2PLACEMENT3D(#727,#16,#94);
#729=IFCEXTRUDEDAREASOLID(#726,#728,#16,574.00000000000705);
#730=IFCCARTESIANPOINT((-531.,-331.));
#731=IFCCARTESIANPOINT((531.,-331.));
#732=IFCCARTESIANPOINT((531.,331.));
#733=IFCCARTESIANPOINT((-531.,331.));
#734=IFCPOLYLINE((#730,#731,#732,#733,#730));
#735=IFCCARTESIANPOINT((-487.,-287.));
#736=IFCCARTESIANPOINT((-487.,287.));
#737=IFCCARTESIANPOINT((487.,287.));
#738=IFCCARTESIANPOINT((487.,-287.));
#739=IFCPOLYLINE((#735,#736,#737,#738,#735));
#740=IFCARBITRARYPROFILEDEFWITHVOIDS(.AREA.,'_1100x700mm',#734,(#739));
#741=IFCCARTESIANPOINT((550.,253.,350.));
#742=IFCAXIS2PLACEMENT3D(#741,#31,#51);
#743=IFCEXTRUDEDAREASOLID(#740,#742,#16,44.000000000027399);
#744=IFCCARTESIANPOINT((-550.,-350.));
#745=IFCCARTESIANPOINT((550.,-350.));
#746=IFCCARTESIANPOINT((550.,350.));
#747=IFCCARTESIANPOINT((-550.,350.));
#748=IFCPOLYLINE((#744,#745,#746,#747,#744));
#749=IFCCARTESIANPOINT((-531.,-331.));
#750=IFCCARTESIANPOINT((-531.,331.));
#751=IFCCARTESIANPOINT((531.,331.));
#752=IFCCARTESIANPOINT((531.,-331.));
#753=IFCPOLYLINE((#749,#750,#751,#752,#749));
#754=IFCARBITRARYPROFILEDEFWITHVOIDS(.AREA.,'_1100x700mm',#748,(#753));
#755=IFCCARTESIANPOINT((550.,253.,350.));
#756=IFCAXIS2PLACEMENT3D(#755,#31,#51);
#757=IFCEXTRUDEDAREASOLID(#754,#756,#16,63.000000000027399);
#758=IFCCARTESIANPOINT((-550.,-350.));
#759=IFCCARTESIANPOINT((550.,-350.));
#760=IFCCARTESIANPOINT((550.,350.));
#761=IFCCARTESIANPOINT((-550.,350.));
#762=IFCPOLYLINE((#758,#759,#760,#761,#758));
#763=IFCCARTESIANPOINT((-518.,-318.));
#764=IFCCARTESIANPOINT((-518.,318.));
#765=IFCCARTESIANPOINT((518.,318.));
#766=IFCCARTESIANPOINT((518.,-318.));
#767=IFCPOLYLINE((#763,#764,#765,#766,#763));
#768=IFCARBITRARYPROFILEDEFWITHVOIDS(.AREA.,'_1100x700mm',#762,(#767));
#769=IFCCARTESIANPOINT((550.,0.,350.));
#770=IFCAXIS2PLACEMENT3D(#769,#31,#51);
#771=IFCEXTRUDEDAREASOLID(#768,#770,#16,252.999999999973);
#772=IFCSHAPEREPRESENTATION(#26,'Body','SweptSolid',(#729,#743,#757,#771));
#773=IFCREPRESENTATIONMAP(#723,#772);
#774=IFCMAPPEDITEM(#773,#77);
#775=IFCSHAPEREPRESENTATION(#26,'Body','MappedRepresentation',(#774));
#776=IFCPRODUCTDEFINITIONSHAPE($,$,(#775));
#777=IFCWINDOW('3Q87Kkn4X0hh69O_uptAGQ',#7,'M_Fixed:_1100x700mm:353017',$,'_1100x700mm',#722,#776,'353017',699.99999999999795,1100.);
#778=IFCCARTESIANPOINT((8166.,-158.,1250.));
#779=IFCAXIS2PLACEMENT3D(#778,$,$);
#780=IFCLOCALPLACEMENT(#19,#779);
#781=IFCAXIS2PLACEMENT3D(#8,$,$);
#782=IFCLOCALPLACEMENT(#780,#781);
#783=IFCAXIS2PLACEMENT3D(#8,$,$);
#784=IFCCARTESIANPOINT((8.4376949871511897E-15,0.));
#785=IFCAXIS2PLACEMENT2D(#784,#69);
#786=IFCRECTANGLEPROFILEDEF(.AREA.,'_800x700mm',#785,12.,673.99999999999795);
#787=IFCCARTESIANPOINT((400.,275.,63.));
#788=IFCAXIS2PLACEMENT3D(#787,#16,#94);
#789=IFCEXTRUDEDAREASOLID(#786,#788,#16,574.00000000000705);
#790=IFCCARTESIANPOINT((-381.,-331.));
#791=IFCCARTESIANPOINT((381.,-331.));
#792=IFCCARTESIANPOINT((381.,331.));
#793=IFCCARTESIANPOINT((-381.,331.));
#794=IFCPOLYLINE((#790,#791,#792,#793,#790));
#795=IFCCARTESIANPOINT((-337.,-287.));
#796=IFCCARTESIANPOINT((-337.,287.));
#797=IFCCARTESIANPOINT((337.,287.));
#798=IFCCARTESIANPOINT((337.,-287.));
#799=IFCPOLYLINE((#795,#796,#797,#798,#795));
#800=IFCARBITRARYPROFILEDEFWITHVOIDS(.AREA.,'_800x700mm',#794,(#799));
#801=IFCCARTESIANPOINT((400.,253.,350.));
#802=IFCAXIS2PLACEMENT3D(#801,#31,#51);
#803=IFCEXTRUDEDAREASOLID(#800,#802,#16,44.000000000027399);
#804=IFCCARTESIANPOINT((-400.,-350.));
#805=IFCCARTESIANPOINT((400.,-350.));
#806=IFCCARTESIANPOINT((400.,350.));
#807=IFCCARTESIANPOINT((-400.,350.));
#808=IFCPOLYLINE((#804,#805,#806,#807,#804));
#809=IFCCARTESIANPOINT((-381.,-331.));
#810=IFCCARTESIANPOINT((-381.,331.));
#811=IFCCARTESIANPOINT((381.,331.));
#812=IFCCARTESIANPOINT((381.,-331.));
#813=IFCPOLYLINE((#809,#810,#811,#812,#809));
#814=IFCARBITRARYPROFILEDEFWITHVOIDS(.AREA.,'_800x700mm',#808,(#813));
#815=IFCCARTESIANPOINT((400.,253.,350.));
#816=IFCAXIS2PLACEMENT3D(#815,#31,#51);
#817=IFCEXTRUDEDAREASOLID(#814,#816,#16,63.000000000027399);
#818=IFCCARTESIANPOINT((-400.,-350.));
#819=IFCCARTESIANPOINT((400.,-350.));
#820=IFCCARTESIANPOINT((400.,350.));
#821=IFCCARTESIANPOINT((-400.,350.));
#822=IFCPOLYLINE((#818,#819,#820,#821,#818));
#823=IFCCARTESIANPOINT((-368.,-318.));
#824=IFCCARTESIANPOINT((-368.,318.));
#825=IFCCARTESIANPOINT((368.,318.));
#826=IFCCARTESIANPOINT((368.,-318.));
#827=IFCPOLYLINE((#823,#824,#825,#826,#823));
#828=IFCARBITRARYPROFILEDEFWITHVOIDS(.AREA.,'_800x700mm',#822,(#827));
#829=IFCCARTESIANPOINT((400.,0.,350.));
#830=IFCAXIS2PLACEMENT3D(#829,#31,#51);
#831=IFCEXTRUDEDAREASOLID(#828,#830,#16,252.999999999973);
#832=IFCSHAPEREPRESENTATION(#26,'Body','SweptSolid',(#789,#803,#817,#831));
#833=IFCREPRESENTATIONMAP(#783,#832);
#834=IFCMAPPEDITEM(#833,#77);
#835=IFCSHAPEREPRESENTATION(#26,'Body','MappedRepresentation',(#834));
#836=IFCPRODUCTDEFINITIONSHAPE($,$,(#835));
#837=IFCWINDOW('3Q87Kkn4X0hh69O_uptA4j',#7,'M_Fixed:_800x700mm:354254',$,'_800x700mm',#782,#836,'354254',699.99999999999795,800.00000000000102);
#838=IFCCARTESIANPOINT((14473.,-158.,1250.));
#839=IFCAXIS2PLACEMENT3D(#838,$,$);
#840=IFCLOCALPLACEMENT(#19,#839);
#841=IFCCARTESIANPOINT((0.,-26.,0.));
#842=IFCAXIS2PLACEMENT3D(#841,$,$);
#843=IFCLOCALPLACEMENT(#840,#842);
#844=IFCAXIS2PLACEMENT3D(#8,$,$);
#845=IFCCARTESIANPOINT((0.,-8.4376949871511897E-15));
#846=IFCAXIS2PLACEMENT2D(#845,#69);
#847=IFCRECTANGLEPROFILEDEF(.AREA.,'_800x750mm',#846,673.99999999999795,12.);
#848=IFCCARTESIANPOINT((400.,301.,63.));
#849=IFCAXIS2PLACEMENT3D(#848,#16,#100);
#850=IFCEXTRUDEDAREASOLID(#847,#849,#16,624.00000000000796);
#851=IFCCARTESIANPOINT((-381.,-356.));
#852=IFCCARTESIANPOINT((381.,-356.));
#853=IFCCARTESIANPOINT((381.,356.));
#854=IFCCARTESIANPOINT((-381.,356.));
#855=IFCPOLYLINE((#851,#852,#853,#854,#851));
#856=IFCCARTESIANPOINT((-337.,-312.));
#857=IFCCARTESIANPOINT((-337.,312.));
#858=IFCCARTESIANPOINT((337.,312.));
#859=IFCCARTESIANPOINT((337.,-312.));
#860=IFCPOLYLINE((#856,#857,#858,#859,#856));
#861=IFCARBITRARYPROFILEDEFWITHVOIDS(.AREA.,'_800x750mm',#855,(#860));
#862=IFCCARTESIANPOINT((400.,323.,375.));
#863=IFCAXIS2PLACEMENT3D(#862,#94,#100);
#864=IFCEXTRUDEDAREASOLID(#861,#863,#16,44.000000000027399);
#865=IFCCARTESIANPOINT((-400.,-375.));
#866=IFCCARTESIANPOINT((400.,-375.));
#867=IFCCARTESIANPOINT((400.,375.));
#868=IFCCARTESIANPOINT((-400.,375.));
#869=IFCPOLYLINE((#865,#866,#867,#868,#865));
#870=IFCCARTESIANPOINT((-381.,-356.));
#871=IFCCARTESIANPOINT((-381.,356.));
#872=IFCCARTESIANPOINT((381.,356.));
#873=IFCCARTESIANPOINT((381.,-356.));
#874=IFCPOLYLINE((#870,#871,#872,#873,#870));
#875=IFCARBITRARYPROFILEDEFWITHVOIDS(.AREA.,'_800x750mm',#869,(#874));
#876=IFCCARTESIANPOINT((400.,342.,375.));
#877=IFCAXIS2PLACEMENT3D(#876,#94,#100);
#878=IFCEXTRUDEDAREASOLID(#875,#877,#16,63.000000000027399);
#879=IFCCARTESIANPOINT((-400.,-375.));
#880=IFCCARTESIANPOINT((400.,-375.));
#881=IFCCARTESIANPOINT((400.,375.));
#882=IFCCARTESIANPOINT((-400.,375.));
#883=IFCPOLYLINE((#879,#880,#881,#882,#879));
#884=IFCCARTESIANPOINT((-368.,-343.));
#885=IFCCARTESIANPOINT((-368.,343.));
#886=IFCCARTESIANPOINT((368.,343.));
#887=IFCCARTESIANPOINT((368.,-343.));
#888=IFCPOLYLINE((#884,#885,#886,#887,#884));
#889=IFCARBITRARYPROFILEDEFWITHVOIDS(.AREA.,'_800x750mm',#883,(#888));
#890=IFCCARTESIANPOINT((400.,279.,375.));
#891=IFCAXIS2PLACEMENT3D(#890,#94,#100);
#892=IFCEXTRUDEDAREASOLID(#889,#891,#16,252.999999999973);
#893=IFCSHAPEREPRESENTATION(#26,'Body','SweptSolid',(#850,#864,#878,#892));
#894=IFCREPRESENTATIONMAP(#844,#893);
#895=IFCMAPPEDITEM(#894,#77);
#896=IFCSHAPEREPRESENTATION(#26,'Body','MappedRepresentation',(#895));
#897=IFCPRODUCTDEFINITIONSHAPE($,$,(#896));
#898=IFCWINDOW('3Q87Kkn4X0hh69O_uptAY6',#7,'M_Fixed:_800x750mm:355941',$,'_800x750mm',#843,#897,'355941',749.99999999999898,800.00000000000102);
#899=IFCCARTESIANPOINT((10598.,-158.,1250.));
#900=IFCAXIS2PLACEMENT3D(#899,$,$);
#901=IFCLOCALPLACEMENT(#19,#900);
#902=IFCCARTESIANPOINT((0.,-26.,0.));
#903=IFCAXIS2PLACEMENT3D(#902,$,$);
#904=IFCLOCALPLACEMENT(#901,#903);
#905=IFCAXIS2PLACEMENT3D(#8,$,$);
#906=IFCCARTESIANPOINT((0.,-8.4376949871511897E-15));
#907=IFCAXIS2PLACEMENT2D(#906,#69);
#908=IFCRECTANGLEPROFILEDEF(.AREA.,'_1100x700mm',#907,973.99999999999704,12.);
#909=IFCCARTESIANPOINT((550.,301.,63.));
#910=IFCAXIS2PLACEMENT3D(#909,#16,#100);
#911=IFCEXTRUDEDAREASOLID(#908,#910,#16,574.00000000000705);
#912=IFCCARTESIANPOINT((-531.,-331.));
#913=IFCCARTESIANPOINT((531.,-331.));
#914=IFCCARTESIANPOINT((531.,331.));
#915=IFCCARTESIANPOINT((-531.,331.));
#916=IFCPOLYLINE((#912,#913,#914,#915,#912));
#917=IFCCARTESIANPOINT((-487.,-287.));
#918=IFCCARTESIANPOINT((-487.,287.));
#919=IFCCARTESIANPOINT((487.,287.));
#920=IFCCARTESIANPOINT((487.,-287.));
#921=IFCPOLYLINE((#917,#918,#919,#920,#917));
#922=IFCARBITRARYPROFILEDEFWITHVOIDS(.AREA.,'_1100x700mm',#916,(#921));
#923=IFCCARTESIANPOINT((550.,323.,350.));
#924=IFCAXIS2PLACEMENT3D(#923,#94,#100);
#925=IFCEXTRUDEDAREASOLID(#922,#924,#16,44.000000000027399);
#926=IFCCARTESIANPOINT((-550.,-350.));
#927=IFCCARTESIANPOINT((550.,-350.));
#928=IFCCARTESIANPOINT((550.,350.));
#929=IFCCARTESIANPOINT((-550.,350.));
#930=IFCPOLYLINE((#926,#927,#928,#929,#926));
#931=IFCCARTESIANPOINT((-531.,-331.));
#932=IFCCARTESIANPOINT((-531.,331.));
#933=IFCCARTESIANPOINT((531.,331.));
#934=IFCCARTESIANPOINT((531.,-331.));
#935=IFCPOLYLINE((#931,#932,#933,#934,#931));
#936=IFCARBITRARYPROFILEDEFWITHVOIDS(.AREA.,'_1100x700mm',#930,(#935));
#937=IFCCARTESIANPOINT((550.,342.,350.));
#938=IFCAXIS2PLACEMENT3D(#937,#94,#100);
#939=IFCEXTRUDEDAREASOLID(#936,#938,#16,63.000000000027399);
#940=IFCCARTESIANPOINT((-550.,-350.));
#941=IFCCARTESIANPOINT((550.,-350.));
#942=IFCCARTESIANPOINT((550.,350.));
#943=IFCCARTESIANPOINT((-550.,350.));
#944=IFCPOLYLINE((#940,#941,#942,#943,#940));
#945=IFCCARTESIANPOINT((-518.,-318.));
#946=IFCCARTESIANPOINT((-518.,318.));
#947=IFCCARTESIANPOINT((518.,318.));
#948=IFCCARTESIANPOINT((518.,-318.));
#949=IFCPOLYLINE((#945,#946,#947,#948,#945));
#950=IFCARBITRARYPROFILEDEFWITHVOIDS(.AREA.,'_1100x700mm',#944,(#949));
#951=IFCCARTESIANPOINT((550.,279.,350.));
#952=IFCAXIS2PLACEMENT3D(#951,#94,#100);
#953=IFCEXTRUDEDAREASOLID(#950,#952,#16,252.999999999973);
#954=IFCSHAPEREPRESENTATION(#26,'Body','SweptSolid',(#911,#925,#939,#953));
#955=IFCREPRESENTATIONMAP(#905,#954);
#956=IFCMAPPEDITEM(#955,#77);
#957=IFCSHAPEREPRESENTATION(#26,'Body','MappedRepresentation',(#956));
#958=IFCPRODUCTDEFINITIONSHAPE($,$,(#957));
#959=IFCWINDOW('3Q87Kkn4X0hh69O_uptAY5',#7,'M_Fixed:_1100x700mm:355942',$,'_1100x700mm',#904,#958,'355942',699.99999999999795,1100.);
#960=IFCCARTESIANPOINT((9748.,-158.,1250.));
#961=IFCAXIS2PLACEMENT3D(#960,$,$);
#962=IFCLOCALPLACEMENT(#19,#961);
#963=IFCCARTESIANPOINT((0.,-26.,0.));
#964=IFCAXIS2PLACEMENT3D(#963,$,$);
#965=IFCLOCALPLACEMENT(#962,#964);
#966=IFCAXIS2PLACEMENT3D(#8,$,$);
#967=IFCCARTESIANPOINT((0.,-8.4376949871511897E-15));
#968=IFCAXIS2PLACEMENT2D(#967,#69);
#969=IFCRECTANGLEPROFILEDEF(.AREA.,'_800x700mm',#968,673.99999999999795,12.);
#970=IFCCARTESIANPOINT((400.,301.,63.));
#971=IFCAXIS2PLACEMENT3D(#970,#16,#100);
#972=IFCEXTRUDEDAREASOLID(#969,#971,#16,574.00000000000705);
#973=IFCCARTESIANPOINT((-381.,-331.));
#974=IFCCARTESIANPOINT((381.,-331.));
#975=IFCCARTESIANPOINT((381.,331.));
#976=IFCCARTESIANPOINT((-381.,331.));
#977=IFCPOLYLINE((#973,#974,#975,#976,#973));
#978=IFCCARTESIANPOINT((-337.,-287.));
#979=IFCCARTESIANPOINT((-337.,287.));
#980=IFCCARTESIANPOINT((337.,287.));
#981=IFCCARTESIANPOINT((337.,-287.));
#982=IFCPOLYLINE((#978,#979,#980,#981,#978));
#983=IFCARBITRARYPROFILEDEFWITHVOIDS(.AREA.,'_800x700mm',#977,(#982));
#984=IFCCARTESIANPOINT((400.,323.,350.));
#985=IFCAXIS2PLACEMENT3D(#984,#94,#100);
#986=IFCEXTRUDEDAREASOLID(#983,#985,#16,44.000000000027399);
#987=IFCCARTESIANPOINT((-400.,-350.));
#988=IFCCARTESIANPOINT((400.,-350.));
#989=IFCCARTESIANPOINT((400.,350.));
#990=IFCCARTESIANPOINT((-400.,350.));
#991=IFCPOLYLINE((#987,#988,#989,#990,#987));
#992=IFCCARTESIANPOINT((-381.,-331.));
#993=IFCCARTESIANPOINT((-381.,331.));
#994=IFCCARTESIANPOINT((381.,331.));
#995=IFCCARTESIANPOINT((381.,-331.));
#996=IFCPOLYLINE((#992,#993,#994,#995,#992));
#997=IFCARBITRARYPROFILEDEFWITHVOIDS(.AREA.,'_800x700mm',#991,(#996));
#998=IFCCARTESIANPOINT((400.,342.,350.));
#999=IFCAXIS2PLACEMENT3D(#998,#94,#100);
#1000=IFCEXTRUDEDAREASOLID(#997,#999,#16,63.000000000027399);
#1001=IFCCARTESIANPOINT((-400.,-350.));
#1002=IFCCARTESIANPOINT((400.,-350.));
#1003=IFCCARTESIANPOINT((400.,350.));
#1004=IFCCARTESIANPOINT((-400.,350.));
#1005=IFCPOLYLINE((#1001,#1002,#1003,#1004,#1001));
#1006=IFCCARTESIANPOINT((-368.,-318.));
#1007=IFCCARTESIANPOINT((-368.,318.));
#1008=IFCCARTESIANPOINT((368.,318.));
#1009=IFCCARTESIANPOINT((368.,-318.));
#1010=IFCPOLYLINE((#1006,#1007,#1008,#1009,#1006));
#1011=IFCARBITRARYPROFILEDEFWITHVOIDS(.AREA.,'_800x700mm',#1005,(#1010));
#1012=IFCCARTESIANPOINT((400.,279.,350.));
#1013=IFCAXIS2PLACEMENT3D(#1012,#94,#100);
#1014=IFCEXTRUDEDAREASOLID(#1011,#1013,#16,252.999999999973);
#1015=IFCSHAPEREPRESENTATION(#26,'Body','SweptSolid',(#972,#986,#1000,#1014));
#1016=IFCREPRESENTATIONMAP(#966,#1015);
#1017=IFCMAPPEDITEM(#1016,#77);
#1018=IFCSHAPEREPRESENTATION(#26,'Body','MappedRepresentation',(#1017));
#1019=IFCPRODUCTDEFINITIONSHAPE($,$,(#1018));
#1020=IFCWINDOW('3Q87Kkn4X0hh69O_uptAY4',#7,'M_Fixed:_800x700mm:355943',$,'_800x700mm',#965,#1019,'355943',699.99999999999795,800.00000000000102);
#1021=IFCCARTESIANPOINT((916.,-158.,1250.));
#1022=IFCAXIS2PLACEMENT3D(#1021,$,$);
#1023=IFCLOCALPLACEMENT(#475,#1022);
#1024=IFCAXIS2PLACEMENT3D(#8,$,$);
#1025=IFCLOCALPLACEMENT(#1023,#1024);
#1026=IFCAXIS2PLACEMENT3D(#8,$,$);
#1027=IFCCARTESIANPOINT((8.4376949871511897E-15,0.));
#1028=IFCAXIS2PLACEMENT2D(#1027,#69);
#1029=IFCRECTANGLEPROFILEDEF(.AREA.,'_800x1000mm',#1028,12.,673.99999999999795);
#1030=IFCCARTESIANPOINT((400.,275.,63.));
#1031=IFCAXIS2PLACEMENT3D(#1030,#16,#94);
#1032=IFCEXTRUDEDAREASOLID(#1029,#1031,#16,874.00000000000603);
#1033=IFCCARTESIANPOINT((-381.,-481.));
#1034=IFCCARTESIANPOINT((381.,-481.));
#1035=IFCCARTESIANPOINT((381.,481.));
#1036=IFCCARTESIANPOINT((-381.,481.));
#1037=IFCPOLYLINE((#1033,#1034,#1035,#1036,#1033));
#1038=IFCCARTESIANPOINT((-337.,-437.));
#1039=IFCCARTESIANPOINT((-337.,437.));
#1040=IFCCARTESIANPOINT((337.,437.));
#1041=IFCCARTESIANPOINT((337.,-437.));
#1042=IFCPOLYLINE((#1038,#1039,#1040,#1041,#1038));
#1043=IFCARBITRARYPROFILEDEFWITHVOIDS(.AREA.,'_800x1000mm',#1037,(#1042));
#1044=IFCCARTESIANPOINT((400.,253.,500.));
#1045=IFCAXIS2PLACEMENT3D(#1044,#31,#51);
#1046=IFCEXTRUDEDAREASOLID(#1043,#1045,#16,44.000000000027399);
#1047=IFCCARTESIANPOINT((-400.,-500.));
#1048=IFCCARTESIANPOINT((400.,-500.));
#1049=IFCCARTESIANPOINT((400.,500.));
#1050=IFCCARTESIANPOINT((-400.,500.));
#1051=IFCPOLYLINE((#1047,#1048,#1049,#1050,#1047));
#1052=IFCCARTESIANPOINT((-381.,-481.));
#1053=IFCCARTESIANPOINT((-381.,481.));
#1054=IFCCARTESIANPOINT((381.,481.));
#1055=IFCCARTESIANPOINT((381.,-481.));
#1056=IFCPOLYLINE((#1052,#1053,#1054,#1055,#1052));
#1057=IFCARBITRARYPROFILEDEFWITHVOIDS(.AREA.,'_800x1000mm',#1051,(#1056));
#1058=IFCCARTESIANPOINT((400.,253.,500.));
#1059=IFCAXIS2PLACEMENT3D(#1058,#31,#51);
#1060=IFCEXTRUDEDAREASOLID(#1057,#1059,#16,63.000000000027399);
#1061=IFCCARTESIANPOINT((-400.,-500.));
#1062=IFCCARTESIANPOINT((400.,-500.));
#1063=IFCCARTESIANPOINT((400.,500.));
#1064=IFCCARTESIANPOINT((-400.,500.));
#1065=IFCPOLYLINE((#1061,#1062,#1063,#1064,#1061));
#1066=IFCCARTESIANPOINT((-368.,-468.));
#1067=IFCCARTESIANPOINT((-368.,468.));
#1068=IFCCARTESIANPOINT((368.,468.));
#1069=IFCCARTESIANPOINT((368.,-468.));
#1070=IFCPOLYLINE((#1066,#1067,#1068,#1069,#1066));
#1071=IFCARBITRARYPROFILEDEFWITHVOIDS(.AREA.,'_800x1000mm',#1065,(#1070));
#1072=IFCCARTESIANPOINT((400.,0.,500.));
#1073=IFCAXIS2PLACEMENT3D(#1072,#31,#51);
#1074=IFCEXTRUDEDAREASOLID(#1071,#1073,#16,252.999999999973);
#1075=IFCSHAPEREPRESENTATION(#26,'Body','SweptSolid',(#1032,#1046,#1060,#1074));
#1076=IFCREPRESENTATIONMAP(#1026,#1075);
#1077=IFCMAPPEDITEM(#1076,#77);
#1078=IFCSHAPEREPRESENTATION(#26,'Body','MappedRepresentation',(#1077));
#1079=IFCPRODUCTDEFINITIONSHAPE($,$,(#1078));
#1080=IFCWINDOW('3Q87Kkn4X0hh69O_uptBUe',#7,'M_Fixed:_800x1000mm:356683',$,'_800x1000mm',#1025,#1079,'356683',999.99999999999704,800.00000000000102);
#1081=IFCCARTESIANPOINT((2416.,-158.,1250.));
#1082=IFCAXIS2PLACEMENT3D(#1081,$,$);
#1083=IFCLOCALPLACEMENT(#475,#1082);
#1084=IFCAXIS2PLACEMENT3D(#8,$,$);
#1085=IFCLOCALPLACEMENT(#1083,#1084);
#1086=IFCMAPPEDITEM(#1076,#77);
#1087=IFCSHAPEREPRESENTATION(#26,'Body','MappedRepresentation',(#1086));
#1088=IFCPRODUCTDEFINITIONSHAPE($,$,(#1087));
#1089=IFCWINDOW('3Q87Kkn4X0hh69O_uptBNc',#7,'M_Fixed:_800x1000mm:357125',$,'_800x1000mm',#1085,#1088,'357125',999.99999999999704,800.00000000000102);
#1090=IFCCARTESIANPOINT((3416.,-158.,1250.));
#1091=IFCAXIS2PLACEMENT3D(#1090,$,$);
#1092=IFCLOCALPLACEMENT(#475,#1091);
#1093=IFCAXIS2PLACEMENT3D(#8,$,$);
#1094=IFCLOCALPLACEMENT(#1092,#1093);
#1095=IFCAXIS2PLACEMENT3D(#8,$,$);
#1096=IFCCARTESIANPOINT((8.4376949871511897E-15,0.));
#1097=IFCAXIS2PLACEMENT2D(#1096,#69);
#1098=IFCRECTANGLEPROFILEDEF(.AREA.,'_1400x1000mm',#1097,12.,1274.);
#1099=IFCCARTESIANPOINT((700.,275.,63.));
#1100=IFCAXIS2PLACEMENT3D(#1099,#16,#94);
#1101=IFCEXTRUDEDAREASOLID(#1098,#1100,#16,874.00000000000603);
#1102=IFCCARTESIANPOINT((-681.,-481.));
#1103=IFCCARTESIANPOINT((681.,-481.));
#1104=IFCCARTESIANPOINT((681.,481.));
#1105=IFCCARTESIANPOINT((-681.,481.));
#1106=IFCPOLYLINE((#1102,#1103,#1104,#1105,#1102));
#1107=IFCCARTESIANPOINT((-637.,-437.));
#1108=IFCCARTESIANPOINT((-637.,437.));
#1109=IFCCARTESIANPOINT((637.,437.));
#1110=IFCCARTESIANPOINT((637.,-437.));
#1111=IFCPOLYLINE((#1107,#1108,#1109,#1110,#1107));
#1112=IFCARBITRARYPROFILEDEFWITHVOIDS(.AREA.,'_1400x1000mm',#1106,(#1111));
#1113=IFCCARTESIANPOINT((700.,253.,500.));
#1114=IFCAXIS2PLACEMENT3D(#1113,#31,#51);
#1115=IFCEXTRUDEDAREASOLID(#1112,#1114,#16,44.000000000027399);
#1116=IFCCARTESIANPOINT((-700.,-500.));
#1117=IFCCARTESIANPOINT((700.,-500.));
#1118=IFCCARTESIANPOINT((700.,500.));
#1119=IFCCARTESIANPOINT((-700.,500.));
#1120=IFCPOLYLINE((#1116,#1117,#1118,#1119,#1116));
#1121=IFCCARTESIANPOINT((-681.,-481.));
#1122=IFCCARTESIANPOINT((-681.,481.));
#1123=IFCCARTESIANPOINT((681.,481.));
#1124=IFCCARTESIANPOINT((681.,-481.));
#1125=IFCPOLYLINE((#1121,#1122,#1123,#1124,#1121));
#1126=IFCARBITRARYPROFILEDEFWITHVOIDS(.AREA.,'_1400x1000mm',#1120,(#1125));
#1127=IFCCARTESIANPOINT((700.,253.,500.));
#1128=IFCAXIS2PLACEMENT3D(#1127,#31,#51);
#1129=IFCEXTRUDEDAREASOLID(#1126,#1128,#16,63.000000000027399);
#1130=IFCCARTESIANPOINT((-700.,-500.));
#1131=IFCCARTESIANPOINT((700.,-500.));
#1132=IFCCARTESIANPOINT((700.,500.));
#1133=IFCCARTESIANPOINT((-700.,500.));
#1134=IFCPOLYLINE((#1130,#1131,#1132,#1133,#1130));
#1135=IFCCARTESIANPOINT((-668.,-468.));
#1136=IFCCARTESIANPOINT((-668.,468.));
#1137=IFCCARTESIANPOINT((668.,468.));
#1138=IFCCARTESIANPOINT((668.,-468.));
#1139=IFCPOLYLINE((#1135,#1136,#1137,#1138,#1135));
#1140=IFCARBITRARYPROFILEDEFWITHVOIDS(.AREA.,'_1400x1000mm',#1134,(#1139));
#1141=IFCCARTESIANPOINT((700.,0.,500.));
#1142=IFCAXIS2PLACEMENT3D(#1141,#31,#51);
#1143=IFCEXTRUDEDAREASOLID(#1140,#1142,#16,252.999999999973);
#1144=IFCSHAPEREPRESENTATION(#26,'Body','SweptSolid',(#1101,#1115,#1129,#1143));
#1145=IFCREPRESENTATIONMAP(#1095,#1144);
#1146=IFCMAPPEDITEM(#1145,#77);
#1147=IFCSHAPEREPRESENTATION(#26,'Body','MappedRepresentation',(#1146));
#1148=IFCPRODUCTDEFINITIONSHAPE($,$,(#1147));
#1149=IFCWINDOW('3Q87Kkn4X0hh69O_uptBNo',#7,'M_Fixed:_1400x1000mm:357137',$,'_1400x1000mm',#1094,#1148,'357137',999.99999999999704,1400.);
#1150=IFCCARTESIANPOINT((7998.,-158.,400.));
#1151=IFCAXIS2PLACEMENT3D(#1150,$,$);
#1152=IFCLOCALPLACEMENT(#419,#1151);
#1153=IFCAXIS2PLACEMENT3D(#8,$,$);
#1154=IFCLOCALPLACEMENT(#1152,#1153);
#1155=IFCAXIS2PLACEMENT3D(#8,$,$);
#1156=IFCCARTESIANPOINT((8.4376949871511897E-15,0.));
#1157=IFCAXIS2PLACEMENT2D(#1156,#69);
#1158=IFCRECTANGLEPROFILEDEF(.AREA.,'_800x2000mm',#1157,12.,673.99999999999795);
#1159=IFCCARTESIANPOINT((400.,275.,63.));
#1160=IFCAXIS2PLACEMENT3D(#1159,#16,#94);
#1161=IFCEXTRUDEDAREASOLID(#1158,#1160,#16,1874.00000000001);
#1162=IFCCARTESIANPOINT((-381.,-981.));
#1163=IFCCARTESIANPOINT((381.,-981.));
#1164=IFCCARTESIANPOINT((381.,981.));
#1165=IFCCARTESIANPOINT((-381.,981.));
#1166=IFCPOLYLINE((#1162,#1163,#1164,#1165,#1162));
#1167=IFCCARTESIANPOINT((-337.,-937.));
#1168=IFCCARTESIANPOINT((-337.,937.));
#1169=IFCCARTESIANPOINT((337.,937.));
#1170=IFCCARTESIANPOINT((337.,-937.));
#1171=IFCPOLYLINE((#1167,#1168,#1169,#1170,#1167));
#1172=IFCARBITRARYPROFILEDEFWITHVOIDS(.AREA.,'_800x2000mm',#1166,(#1171));
#1173=IFCCARTESIANPOINT((400.,253.,1000.));
#1174=IFCAXIS2PLACEMENT3D(#1173,#31,#51);
#1175=IFCEXTRUDEDAREASOLID(#1172,#1174,#16,44.000000000027399);
#1176=IFCCARTESIANPOINT((-400.,-1000.));
#1177=IFCCARTESIANPOINT((400.,-1000.));
#1178=IFCCARTESIANPOINT((400.,1000.));
#1179=IFCCARTESIANPOINT((-400.,1000.));
#1180=IFCPOLYLINE((#1176,#1177,#1178,#1179,#1176));
#1181=IFCCARTESIANPOINT((-381.,-981.));
#1182=IFCCARTESIANPOINT((-381.,981.));
#1183=IFCCARTESIANPOINT((381.,981.));
#1184=IFCCARTESIANPOINT((381.,-981.));
#1185=IFCPOLYLINE((#1181,#1182,#1183,#1184,#1181));
#1186=IFCARBITRARYPROFILEDEFWITHVOIDS(.AREA.,'_800x2000mm',#1180,(#1185));
#1187=IFCCARTESIANPOINT((400.,253.,1000.));
#1188=IFCAXIS2PLACEMENT3D(#1187,#31,#51);
#1189=IFCEXTRUDEDAREASOLID(#1186,#1188,#16,63.000000000027399);
#1190=IFCCARTESIANPOINT((-400.,-1000.));
#1191=IFCCARTESIANPOINT((400.,-1000.));
#1192=IFCCARTESIANPOINT((400.,1000.));
#1193=IFCCARTESIANPOINT((-400.,1000.));
#1194=IFCPOLYLINE((#1190,#1191,#1192,#1193,#1190));
#1195=IFCCARTESIANPOINT((-368.,-968.));
#1196=IFCCARTESIANPOINT((-368.,968.));
#1197=IFCCARTESIANPOINT((368.,968.));
#1198=IFCCARTESIANPOINT((368.,-968.));
#1199=IFCPOLYLINE((#1195,#1196,#1197,#1198,#1195));
#1200=IFCARBITRARYPROFILEDEFWITHVOIDS(.AREA.,'_800x2000mm',#1194,(#1199));
#1201=IFCCARTESIANPOINT((400.,0.,1000.));
#1202=IFCAXIS2PLACEMENT3D(#1201,#31,#51);
#1203=IFCEXTRUDEDAREASOLID(#1200,#1202,#16,252.999999999973);
#1204=IFCSHAPEREPRESENTATION(#26,'Body','SweptSolid',(#1161,#1175,#1189,#1203));
#1205=IFCREPRESENTATIONMAP(#1155,#1204);
#1206=IFCMAPPEDITEM(#1205,#77);
#1207=IFCSHAPEREPRESENTATION(#26,'Body','MappedRepresentation',(#1206));
#1208=IFCPRODUCTDEFINITIONSHAPE($,$,(#1207));
#1209=IFCWINDOW('3Q87Kkn4X0hh69O_uptBK9',#7,'M_Fixed:_800x2000mm:357354',$,'_800x2000mm',#1154,#1208,'357354',2000.,800.);
#1210=IFCCARTESIANPOINT((26132.995189376099,17281.3460213043,0.));
#1211=IFCDIRECTION((0.100995973739911,0.99488683441300396,0.));
#1212=IFCAXIS2PLACEMENT3D(#1210,#16,#1211);
#1213=IFCLOCALPLACEMENT(#14,#1212);
#1214=IFCCARTESIANPOINT((9082.,-0.));
#1215=IFCPOLYLINE((#359,#1214));
#1216=IFCSHAPEREPRESENTATION(#358,'Axis','Curve2D',(#1215));
#1217=IFCCARTESIANPOINT((4541.00000000005,-6.4659388954169097E-13));
#1218=IFCAXIS2PLACEMENT2D(#1217,#364);
#1219=IFCRECTANGLEPROFILEDEF(.AREA.,$,#1218,9082.0000000001,99.000000000000796);
#1220=IFCAXIS2PLACEMENT3D(#8,$,$);
#1221=IFCEXTRUDEDAREASOLID(#1219,#1220,#16,2552.);
#1222=IFCCARTESIANPOINT((0.,-49.500000000001698,2552.));
#1223=IFCAXIS2PLACEMENT3D(#1222,#65,#94);
#1224=IFCPLANE(#1223);
#1225=IFCCARTESIANPOINT((0.,-49.500000000001698,2552.));
#1226=IFCAXIS2PLACEMENT3D(#1225,$,$);
#1227=IFCCARTESIANPOINT((9082.,-0.));
#1228=IFCCARTESIANPOINT((9082.,99.));
#1229=IFCCARTESIANPOINT((0.,99.));
#1230=IFCPOLYLINE((#359,#1227,#1228,#1229,#359));
#1231=IFCPOLYGONALBOUNDEDHALFSPACE(#1224,.T.,#1226,#1230);
#1232=IFCBOOLEANCLIPPINGRESULT(.DIFFERENCE.,#1221,#1231);
#1233=IFCSHAPEREPRESENTATION(#26,'Body','Clipping',(#1232));
#1234=IFCPRODUCTDEFINITIONSHAPE($,$,(#1216,#1233));
#1235=IFCWALLSTANDARDCASE('0AcubLcjbDbQQeAgLg2Y0r',#7,'Basic Wall:_Bindeingsverk 99mm:372647',$,'Basic Wall:_Bindeingsverk 99mm:372309',#1213,#1234,'372647');
#1236=IFCCARTESIANPOINT((4640.,0.));
#1237=IFCPOLYLINE((#359,#1236));
#1238=IFCSHAPEREPRESENTATION(#358,'Axis','Curve2D',(#1237));
#1239=IFCCARTESIANPOINT((0.,-49.499999999999602,2152.));
#1240=IFCCARTESIANPOINT((0.,-49.499999999999602,0.));
#1241=IFCCARTESIANPOINT((3041.,-49.500000000000703,0.));
#1242=IFCCARTESIANPOINT((3140.,-49.499999999998003,0.));
#1243=IFCCARTESIANPOINT((3641.,-49.500000000000398,0.));
#1244=IFCCARTESIANPOINT((3641.,-49.500000000000398,2000.));
#1245=IFCCARTESIANPOINT((4441.,-49.499999999997399,2000.));
#1246=IFCCARTESIANPOINT((4441.,-49.499999999997399,0.));
#1247=IFCCARTESIANPOINT((4541.,-49.499999999997399,0.));
#1248=IFCCARTESIANPOINT((4640.,-49.499999999998998,0.));
#1249=IFCCARTESIANPOINT((4640.,-49.499999999998998,2152.));
#1250=IFCCARTESIANPOINT((4541.,-49.499999999997399,2152.));
#1251=IFCCARTESIANPOINT((3140.,-49.499999999998003,2152.));
#1252=IFCCARTESIANPOINT((3041.,-49.500000000000703,2152.));
#1253=IFCCARTESIANPOINT((1400.,-49.499999999998998,2152.));
#1254=IFCCARTESIANPOINT((1400.,-49.499999999998003,200.));
#1255=IFCCARTESIANPOINT((600.,-49.499999999998003,200.));
#1256=IFCCARTESIANPOINT((600.,-49.499999999997399,2152.));
#1257=IFCPOLYLOOP((#1239,#1240,#1241,#1242,#1243,#1244,#1245,#1246,#1247,#1248,#1249,#1250,#1251,#1252,#1253,#1254,#1255,#1256));
#1258=IFCFACEOUTERBOUND(#1257,.T.);
#1259=IFCFACE((#1258));
#1260=IFCCARTESIANPOINT((0.,49.500000000003901,0.));
#1261=IFCCARTESIANPOINT((0.,49.500000000003901,2152.));
#1262=IFCCARTESIANPOINT((600.,49.500000000001698,2152.));
#1263=IFCCARTESIANPOINT((600.,49.500000000002302,200.));
#1264=IFCCARTESIANPOINT((1400.,49.500000000004398,200.));
#1265=IFCCARTESIANPOINT((1400.,49.500000000001201,2152.));
#1266=IFCCARTESIANPOINT((4640.,49.500000000004697,2152.));
#1267=IFCCARTESIANPOINT((4640.,49.500000000004697,0.));
#1268=IFCCARTESIANPOINT((4441.,49.500000000002302,0.));
#1269=IFCCARTESIANPOINT((4441.,49.500000000002302,2000.));
#1270=IFCCARTESIANPOINT((3641.,49.499999999998998,2000.));
#1271=IFCCARTESIANPOINT((3641.,49.499999999998998,0.));
#1272=IFCPOLYLOOP((#1260,#1261,#1262,#1263,#1264,#1265,#1266,#1267,#1268,#1269,#1270,#1271));
#1273=IFCFACEOUTERBOUND(#1272,.T.);
#1274=IFCFACE((#1273));
#1275=IFCPOLYLOOP((#1240,#1260,#1271,#1243,#1242,#1241));
#1276=IFCFACEOUTERBOUND(#1275,.T.);
#1277=IFCFACE((#1276));
#1278=IFCPOLYLOOP((#1240,#1239,#1261,#1260));
#1279=IFCFACEOUTERBOUND(#1278,.T.);
#1280=IFCFACE((#1279));
#1281=IFCPOLYLOOP((#1249,#1248,#1267,#1266));
#1282=IFCFACEOUTERBOUND(#1281,.T.);
#1283=IFCFACE((#1282));
#1284=IFCPOLYLOOP((#1269,#1268,#1246,#1245));
#1285=IFCFACEOUTERBOUND(#1284,.T.);
#1286=IFCFACE((#1285));
#1287=IFCPOLYLOOP((#1270,#1269,#1245,#1244));
#1288=IFCFACEOUTERBOUND(#1287,.T.);
#1289=IFCFACE((#1288));
#1290=IFCPOLYLOOP((#1271,#1270,#1244,#1243));
#1291=IFCFACEOUTERBOUND(#1290,.T.);
#1292=IFCFACE((#1291));
#1293=IFCPOLYLOOP((#1261,#1239,#1256,#1262));
#1294=IFCFACEOUTERBOUND(#1293,.T.);
#1295=IFCFACE((#1294));
#1296=IFCPOLYLOOP((#1254,#1264,#1263,#1255));
#1297=IFCFACEOUTERBOUND(#1296,.T.);
#1298=IFCFACE((#1297));
#1299=IFCPOLYLOOP((#1255,#1263,#1262,#1256));
#1300=IFCFACEOUTERBOUND(#1299,.T.);
#1301=IFCFACE((#1300));
#1302=IFCPOLYLOOP((#1264,#1254,#1253,#1265));
#1303=IFCFACEOUTERBOUND(#1302,.T.);
#1304=IFCFACE((#1303));
#1305=IFCPOLYLOOP((#1249,#1266,#1265,#1253,#1252,#1251,#1250));
#1306=IFCFACEOUTERBOUND(#1305,.T.);
#1307=IFCFACE((#1306));
#1308=IFCPOLYLOOP((#1267,#1248,#1247,#1246,#1268));
#1309=IFCFACEOUTERBOUND(#1308,.T.);
#1310=IFCFACE((#1309));
#1311=IFCCLOSEDSHELL((#1259,#1274,#1277,#1280,#1283,#1286,#1289,#1292,#1295,#1298,#1301,#1304,#1307,#1310));
#1312=IFCFACETEDBREP(#1311);
#1313=IFCSHAPEREPRESENTATION(#26,'Body','Brep',(#1312));
#1314=IFCPRODUCTDEFINITIONSHAPE($,$,(#1238,#1313));
#1315=IFCWALL('0AcubLcjbDbQQeAgLg2Zeu',#7,'Basic Wall:_Bindeingsverk 99mm:374186',$,'Basic Wall:_Bindeingsverk 99mm:372309',#86,#1314,'374186');
#1316=IFCCARTESIANPOINT((28915.648684789699,21513.448663545201,400.));
#1317=IFCDIRECTION((-0.99488683441300296,0.10099597373991299,0.));
#1318=IFCAXIS2PLACEMENT3D(#1316,#16,#1317);
#1319=IFCLOCALPLACEMENT(#14,#1318);
#1320=IFCCARTESIANPOINT((2291.49999999994,-0.));
#1321=IFCPOLYLINE((#359,#1320));
#1322=IFCSHAPEREPRESENTATION(#358,'Axis','Curve2D',(#1321));
#1323=IFCCARTESIANPOINT((1145.74999999997,1.2789769243681801E-13));
#1324=IFCAXIS2PLACEMENT2D(#1323,#364);
#1325=IFCRECTANGLEPROFILEDEF(.AREA.,$,#1324,2291.49999999993,99.000000000000597);
#1326=IFCAXIS2PLACEMENT3D(#8,$,$);
#1327=IFCEXTRUDEDAREASOLID(#1325,#1326,#16,2152.);
#1328=IFCCARTESIANPOINT((0.,-49.500000000001698,2152.));
#1329=IFCAXIS2PLACEMENT3D(#1328,#65,#100);
#1330=IFCPLANE(#1329);
#1331=IFCCARTESIANPOINT((0.,-49.500000000001698,2152.));
#1332=IFCAXIS2PLACEMENT3D(#1331,$,$);
#1333=IFCCARTESIANPOINT((2291.49999999993,0.));
#1334=IFCCARTESIANPOINT((2291.49999999993,99.));
#1335=IFCCARTESIANPOINT((-0.,99.));
#1336=IFCPOLYLINE((#359,#1333,#1334,#1335,#359));
#1337=IFCPOLYGONALBOUNDEDHALFSPACE(#1330,.T.,#1332,#1336);
#1338=IFCBOOLEANCLIPPINGRESULT(.DIFFERENCE.,#1327,#1337);
#1339=IFCSHAPEREPRESENTATION(#26,'Body','Clipping',(#1338));
#1340=IFCPRODUCTDEFINITIONSHAPE($,$,(#1322,#1339));
#1341=IFCWALLSTANDARDCASE('0AcubLcjbDbQQeAgLg2ZcF',#7,'Basic Wall:_Bindeingsverk 99mm:374301',$,'Basic Wall:_Bindeingsverk 99mm:372309',#1319,#1340,'374301');
#1342=IFCCARTESIANPOINT((29067.142645399599,23005.778915164799,400.));
#1343=IFCDIRECTION((-0.99488683441300296,0.10099597373991299,0.));
#1344=IFCAXIS2PLACEMENT3D(#1342,#16,#1343);
#1345=IFCLOCALPLACEMENT(#14,#1344);
#1346=IFCCARTESIANPOINT((2291.49999999993,-0.));
#1347=IFCPOLYLINE((#359,#1346));
#1348=IFCSHAPEREPRESENTATION(#358,'Axis','Curve2D',(#1347));
#1349=IFCCARTESIANPOINT((1145.74999999997,-2.9487523534044198E-13));
#1350=IFCAXIS2PLACEMENT2D(#1349,#364);
#1351=IFCRECTANGLEPROFILEDEF(.AREA.,$,#1350,2291.49999999993,99.000000000000597);
#1352=IFCAXIS2PLACEMENT3D(#8,$,$);
#1353=IFCEXTRUDEDAREASOLID(#1351,#1352,#16,2152.);
#1354=IFCCARTESIANPOINT((-0.,-49.500000000001698,2152.));
#1355=IFCAXIS2PLACEMENT3D(#1354,#65,#100);
#1356=IFCPLANE(#1355);
#1357=IFCCARTESIANPOINT((-0.,-49.500000000001698,2152.));
#1358=IFCAXIS2PLACEMENT3D(#1357,$,$);
#1359=IFCCARTESIANPOINT((2291.49999999993,0.));
#1360=IFCCARTESIANPOINT((2291.49999999993,99.));
#1361=IFCCARTESIANPOINT((0.,99.));
#1362=IFCPOLYLINE((#359,#1359,#1360,#1361,#359));
#1363=IFCPOLYGONALBOUNDEDHALFSPACE(#1356,.T.,#1358,#1362);
#1364=IFCBOOLEANCLIPPINGRESULT(.DIFFERENCE.,#1353,#1363);
#1365=IFCSHAPEREPRESENTATION(#26,'Body','Clipping',(#1364));
#1366=IFCPRODUCTDEFINITIONSHAPE($,$,(#1348,#1365));
#1367=IFCWALLSTANDARDCASE('0AcubLcjbDbQQeAgLg2ZZu',#7,'Basic Wall:_Bindeingsverk 99mm:374634',$,'Basic Wall:_Bindeingsverk 99mm:372309',#1345,#1366,'374634');
#1368=IFCAXIS2PLACEMENT3D(#8,$,$);
#1369=IFCLOCALPLACEMENT(#14,#1368);
#1370=IFCAXIS2PLACEMENT3D(#8,$,$);
#1371=IFCCARTESIANPOINT((-1.9326762412674701E-12,-2.37676545111754E-12));
#1372=IFCAXIS2PLACEMENT2D(#1371,#69);
#1373=IFCRECTANGLEPROFILEDEF(.AREA.,'_98x98mm',#1372,97.999999999996106,98.000000000008995);
#1374=IFCCARTESIANPOINT((29576.278409367998,21496.1392151541,102.));
#1375=IFCDIRECTION((0.100995973739929,0.99488683441300196,0.));
#1376=IFCAXIS2PLACEMENT3D(#1374,#16,#1375);
#1377=IFCEXTRUDEDAREASOLID(#1373,#1376,#16,2450.);
#1378=IFCSHAPEREPRESENTATION(#26,'Body','SweptSolid',(#1377));
#1379=IFCREPRESENTATIONMAP(#1370,#1378);
#1380=IFCMAPPEDITEM(#1379,#77);
#1381=IFCSHAPEREPRESENTATION(#26,'Body','MappedRepresentation',(#1380));
#1382=IFCPRODUCTDEFINITIONSHAPE($,$,(#1381));
#1383=IFCCOLUMN('0AcubLcjbDbQQeAgLg2Z6l',#7,'M_Wood Timber Column:_98x98mm:376381',$,'_98x98mm',#1369,#1382,'376381');
#1384=IFCAXIS2PLACEMENT3D(#8,$,$);
#1385=IFCLOCALPLACEMENT(#14,#1384);
#1386=IFCAXIS2PLACEMENT3D(#8,$,$);
#1387=IFCCARTESIANPOINT((-2.1529444893530999E-12,-2.1671553440683101E-13));
#1388=IFCAXIS2PLACEMENT2D(#1387,#69);
#1389=IFCRECTANGLEPROFILEDEF(.AREA.,'_98x98mm',#1388,97.999999999995694,98.000000000013301);
#1390=IFCCARTESIANPOINT((32560.938912606998,21193.151293934399,102.));
#1391=IFCDIRECTION((0.100995973739929,0.99488683441300196,0.));
#1392=IFCAXIS2PLACEMENT3D(#1390,#16,#1391);
#1393=IFCEXTRUDEDAREASOLID(#1389,#1392,#16,2450.);
#1394=IFCSHAPEREPRESENTATION(#26,'Body','SweptSolid',(#1393));
#1395=IFCREPRESENTATIONMAP(#1386,#1394);
#1396=IFCMAPPEDITEM(#1395,#77);
#1397=IFCSHAPEREPRESENTATION(#26,'Body','MappedRepresentation',(#1396));
#1398=IFCPRODUCTDEFINITIONSHAPE($,$,(#1397));
#1399=IFCCOLUMN('0AcubLcjbDbQQeAgLg2azv',#7,'M_Wood Timber Column:_98x98mm:377067',$,'_98x98mm',#1385,#1398,'377067');
#1400=IFCAXIS2PLACEMENT3D(#8,$,$);
#1401=IFCLOCALPLACEMENT(#14,#1400);
#1402=IFCAXIS2PLACEMENT3D(#8,$,$);
#1403=IFCCARTESIANPOINT((-2.1529444893530999E-12,-2.1671553440683101E-13));
#1404=IFCAXIS2PLACEMENT2D(#1403,#69);
#1405=IFCRECTANGLEPROFILEDEF(.AREA.,'_98x98mm',#1404,97.999999999996504,98.000000000004704);
#1406=IFCCARTESIANPOINT((34053.269164226498,21041.6573333245,102.));
#1407=IFCDIRECTION((0.100995973739929,0.99488683441300196,0.));
#1408=IFCAXIS2PLACEMENT3D(#1406,#16,#1407);
#1409=IFCEXTRUDEDAREASOLID(#1405,#1408,#16,2450.);
#1410=IFCSHAPEREPRESENTATION(#26,'Body','SweptSolid',(#1409));
#1411=IFCREPRESENTATIONMAP(#1402,#1410);
#1412=IFCMAPPEDITEM(#1411,#77);
#1413=IFCSHAPEREPRESENTATION(#26,'Body','MappedRepresentation',(#1412));
#1414=IFCPRODUCTDEFINITIONSHAPE($,$,(#1413));
#1415=IFCCOLUMN('0AcubLcjbDbQQeAgLg2auu',#7,'M_Wood Timber Column:_98x98mm:377258',$,'_98x98mm',#1401,#1414,'377258');
#1416=IFCCARTESIANPOINT((30984.782002783399,20448.192000363499,0.));
#1417=IFCAXIS2PLACEMENT3D(#1416,$,$);
#1418=IFCLOCALPLACEMENT(#14,#1417);
#1419=IFCAXIS2PLACEMENT3D(#8,$,$);
#1420=IFCCARTESIANPOINT((780.247442293228,825.75607256279295,7402.));
#1421=IFCCARTESIANPOINT((83.826658204124996,896.45325418073105,7402.));
#1422=IFCCARTESIANPOINT((0.,70.697181617938099,7402.));
#1423=IFCCARTESIANPOINT((696.42078408910299,0.,7402.));
#1424=IFCPOLYLOOP((#1420,#1421,#1422,#1423));
#1425=IFCFACEOUTERBOUND(#1424,.T.);
#1426=IFCFACE((#1425));
#1427=IFCCARTESIANPOINT((696.42078408910299,0.,0.));
#1428=IFCCARTESIANPOINT((0.,70.697181617938099,0.));
#1429=IFCCARTESIANPOINT((73.727060830135102,796.96457073943805,0.));
#1430=IFCCARTESIANPOINT((770.14784491923797,726.26738912149995,0.));
#1431=IFCPOLYLOOP((#1427,#1428,#1429,#1430));
#1432=IFCFACEOUTERBOUND(#1431,.T.);
#1433=IFCFACE((#1432));
#1434=IFCCARTESIANPOINT((780.247442293228,825.75607256279295,400.));
#1435=IFCCARTESIANPOINT((780.247442293228,825.75607256279295,102.));
#1436=IFCCARTESIANPOINT((83.826658204129401,896.45325418073105,102.));
#1437=IFCCARTESIANPOINT((83.826658204124996,896.45325418073105,400.));
#1438=IFCPOLYLOOP((#1421,#1420,#1434,#1435,#1436,#1437));
#1439=IFCFACEOUTERBOUND(#1438,.T.);
#1440=IFCFACE((#1439));
#1441=IFCCARTESIANPOINT((73.727060830135102,796.96457073944305,102.));
#1442=IFCPOLYLOOP((#1422,#1421,#1437,#1436,#1441,#1429,#1428));
#1443=IFCFACEOUTERBOUND(#1442,.T.);
#1444=IFCFACE((#1443));
#1445=IFCPOLYLOOP((#1423,#1422,#1428,#1427));
#1446=IFCFACEOUTERBOUND(#1445,.T.);
#1447=IFCFACE((#1446));
#1448=IFCCARTESIANPOINT((770.14784491923797,726.26738912149995,102.));
#1449=IFCPOLYLOOP((#1420,#1423,#1427,#1430,#1448,#1435,#1434));
#1450=IFCFACEOUTERBOUND(#1449,.T.);
#1451=IFCFACE((#1450));
#1452=IFCPOLYLOOP((#1441,#1448,#1430,#1429));
#1453=IFCFACEOUTERBOUND(#1452,.T.);
#1454=IFCFACE((#1453));
#1455=IFCPOLYLOOP((#1448,#1441,#1436,#1435));
#1456=IFCFACEOUTERBOUND(#1455,.T.);
#1457=IFCFACE((#1456));
#1458=IFCCLOSEDSHELL((#1426,#1433,#1440,#1444,#1447,#1451,#1454,#1457));
#1459=IFCFACETEDBREP(#1458);
#1460=IFCSHAPEREPRESENTATION(#26,'Body','Brep',(#1459));
#1461=IFCREPRESENTATIONMAP(#1419,#1460);
#1462=IFCMAPPEDITEM(#1461,#77);
#1463=IFCSHAPEREPRESENTATION(#26,'Body','MappedRepresentation',(#1462));
#1464=IFCPRODUCTDEFINITIONSHAPE($,$,(#1463));
#1465=IFCCOLUMN('0AcubLcjbDbQQeAgLg2aeS',#7,'M_Rectangular Column:_830x700mm:378254',$,'_830x700mm',#1418,#1464,'378254');
#1466=IFCCARTESIANPOINT((4640.,-0.));
#1467=IFCPOLYLINE((#359,#1466));
#1468=IFCSHAPEREPRESENTATION(#358,'Axis','Curve2D',(#1467));
#1469=IFCCARTESIANPOINT((4640.,-49.500000000002601,0.));
#1470=IFCCARTESIANPOINT((4640.,-49.500000000002601,2152.));
#1471=IFCCARTESIANPOINT((1400.,-49.500000000005002,2152.));
#1472=IFCCARTESIANPOINT((1400.,-49.500000000005002,200.));
#1473=IFCCARTESIANPOINT((600.,-49.500000000000099,200.));
#1474=IFCCARTESIANPOINT((600.,-49.500000000003403,2152.));
#1475=IFCCARTESIANPOINT((0.,-49.500000000000703,2152.));
#1476=IFCCARTESIANPOINT((0.,-49.500000000001201,0.));
#1477=IFCCARTESIANPOINT((3641.,-49.499999999999602,0.));
#1478=IFCCARTESIANPOINT((3641.,-49.499999999999602,2000.));
#1479=IFCCARTESIANPOINT((4441.,-49.500000000001201,2000.));
#1480=IFCCARTESIANPOINT((4441.,-49.500000000001201,0.));
#1481=IFCPOLYLOOP((#1469,#1470,#1471,#1472,#1473,#1474,#1475,#1476,#1477,#1478,#1479,#1480));
#1482=IFCFACEOUTERBOUND(#1481,.T.);
#1483=IFCFACE((#1482));
#1484=IFCCARTESIANPOINT((4640.,49.499999999996298,2152.));
#1485=IFCCARTESIANPOINT((4640.,49.499999999996902,0.));
#1486=IFCCARTESIANPOINT((4541.,49.499999999998799,0.));
#1487=IFCCARTESIANPOINT((4441.,49.499999999998202,0.));
#1488=IFCCARTESIANPOINT((4441.,49.499999999998202,2000.));
#1489=IFCCARTESIANPOINT((3641.,49.499999999999801,2000.));
#1490=IFCCARTESIANPOINT((3641.,49.499999999999801,0.));
#1491=IFCCARTESIANPOINT((3140.,49.499999999998202,0.));
#1492=IFCCARTESIANPOINT((3041.,49.499999999995502,0.));
#1493=IFCCARTESIANPOINT((0.,49.499999999998501,0.));
#1494=IFCCARTESIANPOINT((0.,49.499999999998501,2152.));
#1495=IFCCARTESIANPOINT((600.,49.500000000000099,2152.));
#1496=IFCCARTESIANPOINT((600.,49.499999999995801,200.));
#1497=IFCCARTESIANPOINT((1400.,49.500000000002302,200.));
#1498=IFCCARTESIANPOINT((1400.,49.500000000002302,2152.));
#1499=IFCCARTESIANPOINT((3041.,49.499999999995502,2152.));
#1500=IFCCARTESIANPOINT((3140.,49.499999999998202,2152.));
#1501=IFCCARTESIANPOINT((4541.,49.499999999998799,2152.));
#1502=IFCPOLYLOOP((#1484,#1485,#1486,#1487,#1488,#1489,#1490,#1491,#1492,#1493,#1494,#1495,#1496,#1497,#1498,#1499,#1500,#1501));
#1503=IFCFACEOUTERBOUND(#1502,.T.);
#1504=IFCFACE((#1503));
#1505=IFCPOLYLOOP((#1490,#1477,#1476,#1493,#1492,#1491));
#1506=IFCFACEOUTERBOUND(#1505,.T.);
#1507=IFCFACE((#1506));
#1508=IFCPOLYLOOP((#1470,#1469,#1485,#1484));
#1509=IFCFACEOUTERBOUND(#1508,.T.);
#1510=IFCFACE((#1509));
#1511=IFCPOLYLOOP((#1488,#1487,#1480,#1479));
#1512=IFCFACEOUTERBOUND(#1511,.T.);
#1513=IFCFACE((#1512));
#1514=IFCPOLYLOOP((#1489,#1488,#1479,#1478));
#1515=IFCFACEOUTERBOUND(#1514,.T.);
#1516=IFCFACE((#1515));
#1517=IFCPOLYLOOP((#1490,#1489,#1478,#1477));
#1518=IFCFACEOUTERBOUND(#1517,.T.);
#1519=IFCFACE((#1518));
#1520=IFCPOLYLOOP((#1476,#1475,#1494,#1493));
#1521=IFCFACEOUTERBOUND(#1520,.T.);
#1522=IFCFACE((#1521));
#1523=IFCPOLYLOOP((#1494,#1475,#1474,#1495));
#1524=IFCFACEOUTERBOUND(#1523,.T.);
#1525=IFCFACE((#1524));
#1526=IFCPOLYLOOP((#1472,#1497,#1496,#1473));
#1527=IFCFACEOUTERBOUND(#1526,.T.);
#1528=IFCFACE((#1527));
#1529=IFCPOLYLOOP((#1473,#1496,#1495,#1474));
#1530=IFCFACEOUTERBOUND(#1529,.T.);
#1531=IFCFACE((#1530));
#1532=IFCPOLYLOOP((#1497,#1472,#1471,#1498));
#1533=IFCFACEOUTERBOUND(#1532,.T.);
#1534=IFCFACE((#1533));
#1535=IFCPOLYLOOP((#1470,#1484,#1501,#1500,#1499,#1498,#1471));
#1536=IFCFACEOUTERBOUND(#1535,.T.);
#1537=IFCFACE((#1536));
#1538=IFCPOLYLOOP((#1485,#1469,#1480,#1487,#1486));
#1539=IFCFACEOUTERBOUND(#1538,.T.);
#1540=IFCFACE((#1539));
#1541=IFCCLOSEDSHELL((#1483,#1504,#1507,#1510,#1513,#1516,#1519,#1522,#1525,#1528,#1531,#1534,#1537,#1540));
#1542=IFCFACETEDBREP(#1541);
#1543=IFCSHAPEREPRESENTATION(#26,'Body','Brep',(#1542));
#1544=IFCPRODUCTDEFINITIONSHAPE($,$,(#1468,#1543));
#1545=IFCWALL('3cDMTWgdr3igPBCsBF2w7k',#7,'Basic Wall:_Bindeingsverk 99mm:384442',$,'Basic Wall:_Bindeingsverk 99mm:372309',#190,#1544,'384442');
#1546=IFCCARTESIANPOINT((24257.588526068001,21986.311812595501,400.));
#1547=IFCDIRECTION((0.99488683441300396,-0.100995973739908,0.));
#1548=IFCAXIS2PLACEMENT3D(#1546,#16,#1547);
#1549=IFCLOCALPLACEMENT(#14,#1548);
#1550=IFCCARTESIANPOINT((2291.50000000005,-0.));
#1551=IFCPOLYLINE((#359,#1550));
#1552=IFCSHAPEREPRESENTATION(#358,'Axis','Curve2D',(#1551));
#1553=IFCCARTESIANPOINT((1145.75000000002,3.3040237212844699E-13));
#1554=IFCAXIS2PLACEMENT2D(#1553,#364);
#1555=IFCRECTANGLEPROFILEDEF(.AREA.,$,#1554,2291.50000000004,99.000000000000696);
#1556=IFCAXIS2PLACEMENT3D(#8,$,$);
#1557=IFCEXTRUDEDAREASOLID(#1555,#1556,#16,2152.);
#1558=IFCCARTESIANPOINT((-0.,-49.500000000001698,2152.));
#1559=IFCAXIS2PLACEMENT3D(#1558,#65,#51);
#1560=IFCPLANE(#1559);
#1561=IFCCARTESIANPOINT((-0.,-49.500000000001698,2152.));
#1562=IFCAXIS2PLACEMENT3D(#1561,$,$);
#1563=IFCCARTESIANPOINT((2291.50000000005,0.));
#1564=IFCCARTESIANPOINT((2291.50000000004,99.));
#1565=IFCCARTESIANPOINT((0.,99.));
#1566=IFCPOLYLINE((#359,#1563,#1564,#1565,#359));
#1567=IFCPOLYGONALBOUNDEDHALFSPACE(#1560,.T.,#1562,#1566);
#1568=IFCBOOLEANCLIPPINGRESULT(.DIFFERENCE.,#1557,#1567);
#1569=IFCSHAPEREPRESENTATION(#26,'Body','Clipping',(#1568));
#1570=IFCPRODUCTDEFINITIONSHAPE($,$,(#1552,#1569));
#1571=IFCWALLSTANDARDCASE('3cDMTWgdr3igPBCsBF2w7l',#7,'Basic Wall:_Bindeingsverk 99mm:384443',$,'Basic Wall:_Bindeingsverk 99mm:372309',#1549,#1570,'384443');
#1572=IFCCARTESIANPOINT((24409.0824866779,23478.642064215001,400.));
#1573=IFCDIRECTION((0.99488683441300396,-0.100995973739908,0.));
#1574=IFCAXIS2PLACEMENT3D(#1572,#16,#1573);
#1575=IFCLOCALPLACEMENT(#14,#1574);
#1576=IFCCARTESIANPOINT((2291.50000000005,0.));
#1577=IFCPOLYLINE((#359,#1576));
#1578=IFCSHAPEREPRESENTATION(#358,'Axis','Curve2D',(#1577));
#1579=IFCCARTESIANPOINT((1145.75000000002,7.70938868299709E-13));
#1580=IFCAXIS2PLACEMENT2D(#1579,#364);
#1581=IFCRECTANGLEPROFILEDEF(.AREA.,$,#1580,2291.50000000005,99.000000000000597);
#1582=IFCAXIS2PLACEMENT3D(#8,$,$);
#1583=IFCEXTRUDEDAREASOLID(#1581,#1582,#16,2152.);
#1584=IFCCARTESIANPOINT((-0.,-49.500000000006096,2152.));
#1585=IFCAXIS2PLACEMENT3D(#1584,#65,#51);
#1586=IFCPLANE(#1585);
#1587=IFCCARTESIANPOINT((-0.,-49.500000000006096,2152.));
#1588=IFCAXIS2PLACEMENT3D(#1587,$,$);
#1589=IFCCARTESIANPOINT((2291.50000000005,0.));
#1590=IFCCARTESIANPOINT((2291.50000000005,99.));
#1591=IFCCARTESIANPOINT((0.,99.));
#1592=IFCPOLYLINE((#359,#1589,#1590,#1591,#359));
#1593=IFCPOLYGONALBOUNDEDHALFSPACE(#1586,.T.,#1588,#1592);
#1594=IFCBOOLEANCLIPPINGRESULT(.DIFFERENCE.,#1583,#1593);
#1595=IFCSHAPEREPRESENTATION(#26,'Body','Clipping',(#1594));
#1596=IFCPRODUCTDEFINITIONSHAPE($,$,(#1578,#1595));
#1597=IFCWALLSTANDARDCASE('3cDMTWgdr3igPBCsBF2w7e',#7,'Basic Wall:_Bindeingsverk 99mm:384444',$,'Basic Wall:_Bindeingsverk 99mm:372309',#1575,#1596,'384444');
#1598=IFCAXIS2PLACEMENT3D(#8,$,$);
#1599=IFCLOCALPLACEMENT(#14,#1598);
#1600=IFCAXIS2PLACEMENT3D(#8,$,$);
#1601=IFCCARTESIANPOINT((-1.9326762412674701E-12,-2.36610731008113E-12));
#1602=IFCAXIS2PLACEMENT2D(#1601,#69);
#1603=IFCRECTANGLEPROFILEDEF(.AREA.,'_98x98mm',#1602,97.999999999995694,98.000000000005102);
#1604=IFCCARTESIANPOINT((23606.957402889999,22102.115057593601,102.));
#1605=IFCDIRECTION((0.100995973739925,0.99488683441300196,0.));
#1606=IFCAXIS2PLACEMENT3D(#1604,#16,#1605);
#1607=IFCEXTRUDEDAREASOLID(#1603,#1606,#16,2450.);
#1608=IFCSHAPEREPRESENTATION(#26,'Body','SweptSolid',(#1607));
#1609=IFCREPRESENTATIONMAP(#1600,#1608);
#1610=IFCMAPPEDITEM(#1609,#77);
#1611=IFCSHAPEREPRESENTATION(#26,'Body','MappedRepresentation',(#1610));
#1612=IFCPRODUCTDEFINITIONSHAPE($,$,(#1611));
#1613=IFCCOLUMN('3cDMTWgdr3igPBCsBF2w7f',#7,'M_Wood Timber Column:_98x98mm:384445',$,'_98x98mm',#1599,#1612,'384445');
#1614=IFCAXIS2PLACEMENT3D(#8,$,$);
#1615=IFCLOCALPLACEMENT(#14,#1614);
#1616=IFCAXIS2PLACEMENT3D(#8,$,$);
#1617=IFCCARTESIANPOINT((-1.71240799318184E-12,-4.5261572267918398E-12));
#1618=IFCAXIS2PLACEMENT2D(#1617,#69);
#1619=IFCRECTANGLEPROFILEDEF(.AREA.,'_98x98mm',#1618,97.999999999995197,98.000000000009507);
#1620=IFCCARTESIANPOINT((20622.296899650999,22405.102978813298,102.));
#1621=IFCDIRECTION((0.100995973739925,0.99488683441300196,0.));
#1622=IFCAXIS2PLACEMENT3D(#1620,#16,#1621);
#1623=IFCEXTRUDEDAREASOLID(#1619,#1622,#16,2450.);
#1624=IFCSHAPEREPRESENTATION(#26,'Body','SweptSolid',(#1623));
#1625=IFCREPRESENTATIONMAP(#1616,#1624);
#1626=IFCMAPPEDITEM(#1625,#77);
#1627=IFCSHAPEREPRESENTATION(#26,'Body','MappedRepresentation',(#1626));
#1628=IFCPRODUCTDEFINITIONSHAPE($,$,(#1627));
#1629=IFCCOLUMN('3cDMTWgdr3igPBCsBF2w7g',#7,'M_Wood Timber Column:_98x98mm:384446',$,'_98x98mm',#1615,#1628,'384446');
#1630=IFCAXIS2PLACEMENT3D(#8,$,$);
#1631=IFCLOCALPLACEMENT(#14,#1630);
#1632=IFCAXIS2PLACEMENT3D(#8,$,$);
#1633=IFCCARTESIANPOINT((-1.9362289549462702E-12,-2.37676545111754E-12));
#1634=IFCAXIS2PLACEMENT2D(#1633,#69);
#1635=IFCRECTANGLEPROFILEDEF(.AREA.,'_98x98mm',#1634,97.9999999999918,98.000000000002998);
#1636=IFCCARTESIANPOINT((19129.966648031499,22556.5969394231,102.));
#1637=IFCDIRECTION((0.100995973739907,0.99488683441300396,0.));
#1638=IFCAXIS2PLACEMENT3D(#1636,#16,#1637);
#1639=IFCEXTRUDEDAREASOLID(#1635,#1638,#16,2450.);
#1640=IFCSHAPEREPRESENTATION(#26,'Body','SweptSolid',(#1639));
#1641=IFCREPRESENTATIONMAP(#1632,#1640);
#1642=IFCMAPPEDITEM(#1641,#77);
#1643=IFCSHAPEREPRESENTATION(#26,'Body','MappedRepresentation',(#1642));
#1644=IFCPRODUCTDEFINITIONSHAPE($,$,(#1643));
#1645=IFCCOLUMN('3cDMTWgdr3igPBCsBF2w7h',#7,'M_Wood Timber Column:_98x98mm:384447',$,'_98x98mm',#1631,#1644,'384447');
#1646=IFCCARTESIANPOINT((21334.379708977202,21427.8529456406,0.));
#1647=IFCAXIS2PLACEMENT3D(#1646,$,$);
#1648=IFCLOCALPLACEMENT(#14,#1647);
#1649=IFCAXIS2PLACEMENT3D(#8,$,$);
#1650=IFCCARTESIANPOINT((780.24744229323596,825.75607256279295,7410.));
#1651=IFCCARTESIANPOINT((83.826658204133693,896.45325418073105,7410.));
#1652=IFCCARTESIANPOINT((0.,70.697181617938099,7410.));
#1653=IFCCARTESIANPOINT((696.42078408911095,0.,7410.));
#1654=IFCPOLYLOOP((#1650,#1651,#1652,#1653));
#1655=IFCFACEOUTERBOUND(#1654,.T.);
#1656=IFCFACE((#1655));
#1657=IFCCARTESIANPOINT((696.42078408911095,0.,0.));
#1658=IFCCARTESIANPOINT((0.,70.697181617938099,0.));
#1659=IFCCARTESIANPOINT((73.727060830143799,796.96457073945999,0.));
#1660=IFCCARTESIANPOINT((770.14784491924604,726.267389121517,0.));
#1661=IFCPOLYLOOP((#1657,#1658,#1659,#1660));
#1662=IFCFACEOUTERBOUND(#1661,.T.);
#1663=IFCFACE((#1662));
#1664=IFCCARTESIANPOINT((780.24744229323596,825.75607256279295,102.));
#1665=IFCCARTESIANPOINT((83.826658204137999,896.45325418073105,102.));
#1666=IFCPOLYLOOP((#1651,#1650,#1664,#1665));
#1667=IFCFACEOUTERBOUND(#1666,.T.);
#1668=IFCFACE((#1667));
#1669=IFCCARTESIANPOINT((770.14784491924604,726.267389121522,102.));
#1670=IFCPOLYLOOP((#1650,#1653,#1657,#1660,#1669,#1664));
#1671=IFCFACEOUTERBOUND(#1670,.T.);
#1672=IFCFACE((#1671));
#1673=IFCPOLYLOOP((#1653,#1652,#1658,#1657));
#1674=IFCFACEOUTERBOUND(#1673,.T.);
#1675=IFCFACE((#1674));
#1676=IFCCARTESIANPOINT((73.727060830143799,796.96457073945601,102.));
#1677=IFCPOLYLOOP((#1652,#1651,#1665,#1676,#1659,#1658));
#1678=IFCFACEOUTERBOUND(#1677,.T.);
#1679=IFCFACE((#1678));
#1680=IFCPOLYLOOP((#1676,#1669,#1660,#1659));
#1681=IFCFACEOUTERBOUND(#1680,.T.);
#1682=IFCFACE((#1681));
#1683=IFCPOLYLOOP((#1669,#1676,#1665,#1664));
#1684=IFCFACEOUTERBOUND(#1683,.T.);
#1685=IFCFACE((#1684));
#1686=IFCCLOSEDSHELL((#1656,#1663,#1668,#1672,#1675,#1679,#1682,#1685));
#1687=IFCFACETEDBREP(#1686);
#1688=IFCSHAPEREPRESENTATION(#26,'Body','Brep',(#1687));
#1689=IFCREPRESENTATIONMAP(#1649,#1688);
#1690=IFCMAPPEDITEM(#1689,#77);
#1691=IFCSHAPEREPRESENTATION(#26,'Body','MappedRepresentation',(#1690));
#1692=IFCPRODUCTDEFINITIONSHAPE($,$,(#1691));
#1693=IFCCOLUMN('3cDMTWgdr3igPBCsBF2w6K',#7,'M_Rectangular Column:_830x700mm:384448',$,'_830x700mm',#1648,#1692,'384448');
#1694=IFCCARTESIANPOINT((16817.7764497196,16904.2172868493,2552.));
#1695=IFCDIRECTION((0.100995973739911,0.99488683441300396,0.));
#1696=IFCAXIS2PLACEMENT3D(#1694,#16,#1695);
#1697=IFCLOCALPLACEMENT(#14,#1696);
#1698=IFCCARTESIANPOINT((11714.,0.));
#1699=IFCPOLYLINE((#359,#1698));
#1700=IFCSHAPEREPRESENTATION(#358,'Axis','Curve2D',(#1699));
#1701=IFCCARTESIANPOINT((0.,-127.5,0.));
#1702=IFCCARTESIANPOINT((11714.,-127.49999999999901,0.));
#1703=IFCCARTESIANPOINT((11237.100310345901,-127.49999999999901,298.));
#1704=IFCCARTESIANPOINT((476.89968965422401,-127.5,298.));
#1705=IFCPOLYLOOP((#1701,#1702,#1703,#1704));
#1706=IFCFACEOUTERBOUND(#1705,.T.);
#1707=IFCFACE((#1706));
#1708=IFCCARTESIANPOINT((11714.,127.5,0.));
#1709=IFCCARTESIANPOINT((0.,127.50000000000099,0.));
#1710=IFCCARTESIANPOINT((476.89968965422702,127.49999999999901,298.));
#1711=IFCCARTESIANPOINT((11237.100310345901,127.49999999999901,298.));
#1712=IFCPOLYLOOP((#1708,#1709,#1710,#1711));
#1713=IFCFACEOUTERBOUND(#1712,.T.);
#1714=IFCFACE((#1713));
#1715=IFCPOLYLOOP((#1702,#1701,#1709,#1708));
#1716=IFCFACEOUTERBOUND(#1715,.T.);
#1717=IFCFACE((#1716));
#1718=IFCPOLYLOOP((#1704,#1703,#1711,#1710));
#1719=IFCFACEOUTERBOUND(#1718,.T.);
#1720=IFCFACE((#1719));
#1721=IFCPOLYLOOP((#1703,#1702,#1708,#1711));
#1722=IFCFACEOUTERBOUND(#1721,.T.);
#1723=IFCFACE((#1722));
#1724=IFCPOLYLOOP((#1701,#1704,#1710,#1709));
#1725=IFCFACEOUTERBOUND(#1724,.T.);
#1726=IFCFACE((#1725));
#1727=IFCCLOSEDSHELL((#1707,#1714,#1717,#1720,#1723,#1726));
#1728=IFCFACETEDBREP(#1727);
#1729=IFCSHAPEREPRESENTATION(#26,'Body','Brep',(#1728));
#1730=IFCPRODUCTDEFINITIONSHAPE($,$,(#1700,#1729));
#1731=IFCWALL('1x1Hp_6Db1KwZy5IwzDdGF',#7,'Basic Wall:_Dekkeforkant 255mm:386330',$,'Basic Wall:_Dekkeforkant 255mm:385969',#1697,#1730,'386330');
#1732=IFCCARTESIANPOINT((36365.459362538502,26694.036985898401,2552.));
#1733=IFCDIRECTION((-0.100995973739911,-0.99488683441300396,0.));
#1734=IFCAXIS2PLACEMENT3D(#1732,#16,#1733);
#1735=IFCLOCALPLACEMENT(#14,#1734);
#1736=IFCCARTESIANPOINT((11714.,0.));
#1737=IFCPOLYLINE((#359,#1736));
#1738=IFCSHAPEREPRESENTATION(#358,'Axis','Curve2D',(#1737));
#1739=IFCCARTESIANPOINT((0.,-127.499999999998,0.));
#1740=IFCCARTESIANPOINT((11714.,-127.49999999999601,0.));
#1741=IFCCARTESIANPOINT((11237.100310345901,-127.499999999995,298.));
#1742=IFCCARTESIANPOINT((476.89968965412697,-127.499999999998,298.));
#1743=IFCPOLYLOOP((#1739,#1740,#1741,#1742));
#1744=IFCFACEOUTERBOUND(#1743,.T.);
#1745=IFCFACE((#1744));
#1746=IFCCARTESIANPOINT((11714.,127.50000000000099,0.));
#1747=IFCCARTESIANPOINT((0.,127.500000000003,0.));
#1748=IFCCARTESIANPOINT((476.89968965412299,127.500000000003,298.));
#1749=IFCCARTESIANPOINT((11237.100310345901,127.500000000006,298.));
#1750=IFCPOLYLOOP((#1746,#1747,#1748,#1749));
#1751=IFCFACEOUTERBOUND(#1750,.T.);
#1752=IFCFACE((#1751));
#1753=IFCPOLYLOOP((#1740,#1739,#1747,#1746));
#1754=IFCFACEOUTERBOUND(#1753,.T.);
#1755=IFCFACE((#1754));
#1756=IFCPOLYLOOP((#1742,#1741,#1749,#1748));
#1757=IFCFACEOUTERBOUND(#1756,.T.);
#1758=IFCFACE((#1757));
#1759=IFCPOLYLOOP((#1739,#1742,#1748,#1747));
#1760=IFCFACEOUTERBOUND(#1759,.T.);
#1761=IFCFACE((#1760));
#1762=IFCPOLYLOOP((#1741,#1740,#1746,#1749));
#1763=IFCFACEOUTERBOUND(#1762,.T.);
#1764=IFCFACE((#1763));
#1765=IFCCLOSEDSHELL((#1745,#1752,#1755,#1758,#1761,#1764));
#1766=IFCFACETEDBREP(#1765);
#1767=IFCSHAPEREPRESENTATION(#26,'Body','Brep',(#1766));
#1768=IFCPRODUCTDEFINITIONSHAPE($,$,(#1738,#1767));
#1769=IFCWALL('1x1Hp_6Db1KwZy5IwzDdJh',#7,'Basic Wall:_Dekkeforkant 255mm:386558',$,'Basic Wall:_Dekkeforkant 255mm:385969',#1735,#1768,'386558');
#1770=IFCAXIS2PLACEMENT3D(#8,$,$);
#1771=IFCLOCALPLACEMENT(#14,#1770);
#1772=IFCSTAIR('2m4BvvJK17VeX6LNuKVsvX',#7,'Assembled Stair:Stair:388024',$,'Assembled Stair:_190mm max riser 250mm going 2:388075',#1771,$,'388024',.NOTDEFINED.);
#1773=IFCAXIS2PLACEMENT3D(#8,$,$);
#1774=IFCLOCALPLACEMENT(#14,#1773);
#1775=IFCSTAIR('19RA9P4lj7tu78J8xPQQkQ',#7,'Assembled Stair:Stair:389268',$,'Assembled Stair:_190mm max riser 250mm going 2:388075',#1774,$,'389268',.NOTDEFINED.);
#1776=IFCCARTESIANPOINT((10954.597670454201,12563.102179829,-1668.6463371447401));
#1777=IFCAXIS2PLACEMENT3D(#1776,$,$);
#1778=IFCLOCALPLACEMENT(#14,#1777);
#1779=IFCAXIS2PLACEMENT3D(#8,$,$);
#1780=IFCCARTESIANPOINT((1640.82978744507,0.00014342883528115601,4.6643431721804499E-05));
#1781=IFCCARTESIANPOINT((0.196455935994163,1640.6331424713101,4.6643431721804499E-05));
#1782=IFCCARTESIANPOINT((-1640.4364974975599,0.,4.6643431721804499E-05));
#1783=IFCPOLYLOOP((#1780,#1781,#1782));
#1784=IFCFACEOUTERBOUND(#1783,.T.);
#1785=IFCFACE((#1784));
#1786=IFCCARTESIANPOINT((1597.4567081451401,-375.92349300384501,4.6643431721804499E-05));
#1787=IFCPOLYLOOP((#1786,#1780,#1782));
#1788=IFCFACEOUTERBOUND(#1787,.T.);
#1789=IFCFACE((#1788));
#1790=IFCCARTESIANPOINT((-1597.06341819763,-375.92349300384501,4.6643431721804499E-05));
#1791=IFCPOLYLOOP((#1786,#1782,#1790));
#1792=IFCFACEOUTERBOUND(#1791,.T.);
#1793=IFCFACE((#1792));
#1794=IFCCARTESIANPOINT((1473.9313991546601,-721.15060386657694,4.6643431721804499E-05));
#1795=IFCPOLYLOOP((#1794,#1786,#1790));
#1796=IFCFACEOUTERBOUND(#1795,.T.);
#1797=IFCFACE((#1796));
#1798=IFCCARTESIANPOINT((-1473.53810920715,-721.15060386657694,4.6643431721804499E-05));
#1799=IFCPOLYLOOP((#1794,#1790,#1798));
#1800=IFCFACEOUTERBOUND(#1799,.T.);
#1801=IFCFACE((#1800));
#1802=IFCCARTESIANPOINT((-1279.7509552002,-1025.7886951446501,4.6643431721804499E-05));
#1803=IFCPOLYLOOP((#1794,#1798,#1802));
#1804=IFCFACEOUTERBOUND(#1803,.T.);
#1805=IFCFACE((#1804));
#1806=IFCCARTESIANPOINT((1280.1442451477101,-1025.7886951446501,4.6643431721804499E-05));
#1807=IFCPOLYLOOP((#1806,#1794,#1802));
#1808=IFCFACEOUTERBOUND(#1807,.T.);
#1809=IFCFACE((#1808));
#1810=IFCCARTESIANPOINT((1025.98534011841,-1279.9476001739499,4.6643431721804499E-05));
#1811=IFCPOLYLOOP((#1810,#1806,#1802));
#1812=IFCFACEOUTERBOUND(#1811,.T.);
#1813=IFCFACE((#1812));
#1814=IFCCARTESIANPOINT((-1025.5920501708999,-1279.9476001739499,4.6643431721804499E-05));
#1815=IFCPOLYLOOP((#1810,#1802,#1814));
#1816=IFCFACEOUTERBOUND(#1815,.T.);
#1817=IFCFACE((#1816));
#1818=IFCCARTESIANPOINT((-720.95395889282202,-1473.7347541809099,4.6643431721804499E-05));
#1819=IFCPOLYLOOP((#1810,#1814,#1818));
#1820=IFCFACEOUTERBOUND(#1819,.T.);
#1821=IFCFACE((#1820));
#1822=IFCCARTESIANPOINT((-375.726811695099,-1597.2600631713899,4.6643431721804499E-05));
#1823=IFCPOLYLOOP((#1810,#1818,#1822));
#1824=IFCFACEOUTERBOUND(#1823,.T.);
#1825=IFCFACE((#1824));
#1826=IFCCARTESIANPOINT((0.19674280146136899,-1640.6331424713101,4.6643431721804499E-05));
#1827=IFCPOLYLOOP((#1810,#1822,#1826));
#1828=IFCFACEOUTERBOUND(#1827,.T.);
#1829=IFCFACE((#1828));
#1830=IFCCARTESIANPOINT((376.12017431259198,-1597.2600631713899,4.6643431721804499E-05));
#1831=IFCPOLYLOOP((#1810,#1826,#1830));
#1832=IFCFACEOUTERBOUND(#1831,.T.);
#1833=IFCFACE((#1832));
#1834=IFCCARTESIANPOINT((721.34724884033199,-1473.7347541809099,4.6643431721804499E-05));
#1835=IFCPOLYLOOP((#1810,#1830,#1834));
#1836=IFCFACEOUTERBOUND(#1835,.T.);
#1837=IFCFACE((#1836));
#1838=IFCCARTESIANPOINT((-86.877455091476406,-0.00042042650684379599,7117.4434661865198));
#1839=IFCCARTESIANPOINT((-33.2635628342628,-0.00045153327719162903,7599.9925003051803));
#1840=IFCCARTESIANPOINT((181.19985909462,-0.00043374424785724798,7144.2714797973604));
#1841=IFCPOLYLOOP((#1838,#1839,#1840));
#1842=IFCFACEOUTERBOUND(#1841,.T.);
#1843=IFCFACE((#1842));
#1844=IFCCARTESIANPOINT((1642.2205455779999,-0.00021078933873468501,2332.2730476379402));
#1845=IFCCARTESIANPOINT((1937.10545310974,-0.000202907140237585,1983.77280807495));
#1846=IFCCARTESIANPOINT((1588.6052135467501,-0.00019246727888457799,2064.1959514617902));
#1847=IFCPOLYLOOP((#1844,#1845,#1846));
#1848=IFCFACEOUTERBOUND(#1847,.T.);
#1849=IFCFACE((#1848));
#1850=IFCCARTESIANPOINT((1803.06683235168,-0.00013952496933598,1018.69283466339));
#1851=IFCCARTESIANPOINT((2004.1246181488,-0.00012594327729402701,643.38492908477804));
#1852=IFCCARTESIANPOINT((1749.4515003204299,-0.00011561007402178801,656.78883476257295));
#1853=IFCPOLYLOOP((#1850,#1851,#1852));
#1854=IFCFACEOUTERBOUND(#1853,.T.);
#1855=IFCFACE((#1854));
#1856=IFCCARTESIANPOINT((1870.08614273071,-0.00018240108465761301,1688.88804588318));
#1857=IFCCARTESIANPOINT((1950.5092861175499,-0.00016594304629507001,1353.7891685485799));
#1858=IFCCARTESIANPOINT((1588.6052135467501,-0.00015411846643473799,1420.8084789276099));
#1859=IFCPOLYLOOP((#1856,#1857,#1858));
#1860=IFCFACEOUTERBOUND(#1859,.T.);
#1861=IFCFACE((#1860));
#1862=IFCCARTESIANPOINT((1548.3937145233201,-0.00017073611074920299,1729.0995449066199));
#1863=IFCPOLYLOOP((#1862,#1856,#1858));
#1864=IFCFACEOUTERBOUND(#1863,.T.);
#1865=IFCFACE((#1864));
#1866=IFCCARTESIANPOINT((-1655.1297866821301,5.71770217220546E-05,254.67320866584799));
#1867=IFCCARTESIANPOINT((-2030.4376922607401,7.1185328761202998E-05,294.88478035926801));
#1868=IFCCARTESIANPOINT((-1909.80304985046,5.3129268724205803E-05,509.34641733169599));
#1869=IFCPOLYLOOP((#1866,#1867,#1868));
#1870=IFCFACEOUTERBOUND(#1869,.T.);
#1871=IFCFACE((#1870));
#1872=IFCCARTESIANPOINT((1722.6436889648401,-0.00025425267990613102,3002.4783599853499));
#1873=IFCCARTESIANPOINT((2017.5284511566199,-0.00024477118195136399,2627.1655128479001));
#1874=IFCCARTESIANPOINT((1722.6436889648401,-0.000226288753810877,2533.33083343506));
#1875=IFCPOLYLOOP((#1872,#1873,#1874));
#1876=IFCFACEOUTERBOUND(#1875,.T.);
#1877=IFCFACE((#1876));
#1878=IFCCARTESIANPOINT((1293.72045135498,-0.000360936316337757,5106.8656082153302));
#1879=IFCCARTESIANPOINT((1561.79754753113,-0.00035028364127356301,4731.5527610778799));
#1880=IFCCARTESIANPOINT((1240.1049739837599,-0.00032903155088206401,4610.9406463623));
#1881=IFCPOLYLOOP((#1878,#1879,#1880));
#1882=IFCFACEOUTERBOUND(#1881,.T.);
#1883=IFCFACE((#1882));
#1884=IFCCARTESIANPOINT((1628.81671257019,-0.00031326663411164203,4061.3599479675299));
#1885=IFCCARTESIANPOINT((1816.4706653594999,-0.00030309277690321302,3753.0790557861301));
#1886=IFCCARTESIANPOINT((1454.5667381286601,-0.00027768599388764401,3592.2377105712899));
#1887=IFCPOLYLOOP((#1884,#1885,#1886));
#1888=IFCFACEOUTERBOUND(#1887,.T.);
#1889=IFCFACE((#1888));
#1890=IFCCARTESIANPOINT((-1561.30281028748,1.8721492716622401E-05,831.03888187408495));
#1891=IFCPOLYLOOP((#1866,#1868,#1890));
#1892=IFCFACEOUTERBOUND(#1891,.T.);
#1893=IFCFACE((#1892));
#1894=IFCCARTESIANPOINT((87.372383093833903,-3.3371060675335703E-05,495.94258432388301));
#1895=IFCCARTESIANPOINT((87.372383093833903,-3.81056015754666E-06,0.));
#1896=IFCCARTESIANPOINT((-86.877709436416595,3.8061523468968501E-06,7.6167125044435097E-06));
#1897=IFCPOLYLOOP((#1894,#1895,#1896));
#1898=IFCFACEOUTERBOUND(#1897,.T.);
#1899=IFCFACE((#1898));
#1900=IFCCARTESIANPOINT((-167.30108900070201,-2.14400089873834E-05,482.53871498107901));
#1901=IFCPOLYLOOP((#1894,#1896,#1900));
#1902=IFCFACEOUTERBOUND(#1901,.T.);
#1903=IFCFACE((#1902));
#1904=IFCCARTESIANPOINT((-383.19252605438197,-0.00038376921947929097,6719.7357650756803));
#1905=IFCCARTESIANPOINT((-408.57146387100198,-0.00040476800559190499,7090.6410324096696));
#1906=IFCPOLYLOOP((#1904,#1905,#1838));
#1907=IFCFACEOUTERBOUND(#1906,.T.);
#1908=IFCFACE((#1907));
#1909=IFCCARTESIANPOINT((-1286.18820762634,4.7491338341387699E-05,146.60335164070099));
#1910=IFCPOLYLOOP((#1909,#1866,#1890));
#1911=IFCFACEOUTERBOUND(#1910,.T.);
#1912=IFCFACE((#1911));
#1913=IFCCARTESIANPOINT((-747.60211429595995,4.9689762192883796E-06,465.03593158721901));
#1914=IFCPOLYLOOP((#1913,#1909,#1890));
#1915=IFCFACEOUTERBOUND(#1914,.T.);
#1916=IFCFACE((#1915));
#1917=IFCCARTESIANPOINT((1508.1820701599099,-0.00013542325057187599,1166.1352157592801));
#1918=IFCPOLYLOOP((#1917,#1850,#1852));
#1919=IFCFACEOUTERBOUND(#1918,.T.);
#1920=IFCFACE((#1919));
#1921=IFCCARTESIANPOINT((543.10467653274497,-0.00040641971581862902,6420.44821929932));
#1922=IFCPOLYLOOP((#1838,#1840,#1921));
#1923=IFCFACEOUTERBOUND(#1922,.T.);
#1924=IFCFACE((#1923));
#1925=IFCPOLYLOOP((#1904,#1838,#1921));
#1926=IFCFACEOUTERBOUND(#1925,.T.);
#1927=IFCFACE((#1926));
#1928=IFCCARTESIANPOINT((1467.97057113647,-8.1734880222938998E-05,294.88478035926801));
#1929=IFCPOLYLOOP((#1917,#1852,#1928));
#1930=IFCFACEOUTERBOUND(#1929,.T.);
#1931=IFCFACE((#1930));
#1932=IFCCARTESIANPOINT((905.00871276855503,-4.6740967729874699E-05,120.63467874526999));
#1933=IFCPOLYLOOP((#1917,#1928,#1932));
#1934=IFCFACEOUTERBOUND(#1933,.T.);
#1935=IFCFACE((#1934));
#1936=IFCCARTESIANPOINT((462.68156948089597,-3.6993469961998899E-05,281.48092918395997));
#1937=IFCPOLYLOOP((#1917,#1932,#1936));
#1938=IFCFACEOUTERBOUND(#1937,.T.);
#1939=IFCFACE((#1938));
#1940=IFCPOLYLOOP((#1917,#1936,#1894));
#1941=IFCFACEOUTERBOUND(#1940,.T.);
#1942=IFCFACE((#1941));
#1943=IFCPOLYLOOP((#1880,#1884,#1886));
#1944=IFCFACEOUTERBOUND(#1943,.T.);
#1945=IFCFACE((#1944));
#1946=IFCCARTESIANPOINT((-783.879405784607,-0.000339628471283504,6273.0083816528304));
#1947=IFCCARTESIANPOINT((-770.47550010681198,-0.00035219631381551197,6474.0786666870099));
#1948=IFCPOLYLOOP((#1946,#1947,#1904));
#1949=IFCFACEOUTERBOUND(#1948,.T.);
#1950=IFCFACE((#1949));
#1951=IFCPOLYLOOP((#1946,#1904,#1921));
#1952=IFCFACEOUTERBOUND(#1951,.T.);
#1953=IFCFACE((#1952));
#1954=IFCCARTESIANPOINT((-917.91788120269803,-0.00030820248903182799,5844.0903762817397));
#1955=IFCPOLYLOOP((#1954,#1946,#1921));
#1956=IFCFACEOUTERBOUND(#1955,.T.);
#1957=IFCFACE((#1956));
#1958=IFCCARTESIANPOINT((784.373997688293,-0.00039938974241522402,6125.5685440063498));
#1959=IFCPOLYLOOP((#1954,#1921,#1958));
#1960=IFCFACEOUTERBOUND(#1959,.T.);
#1961=IFCFACE((#1960));
#1962=IFCCARTESIANPOINT((851.39323539733903,-0.00038234548310356299,5790.4593475341799));
#1963=IFCPOLYLOOP((#1954,#1958,#1962));
#1964=IFCFACEOUTERBOUND(#1963,.T.);
#1965=IFCFACE((#1964));
#1966=IFCCARTESIANPOINT((1039.0471881866499,-0.00037137363078727499,5468.7772384643604));
#1967=IFCPOLYLOOP((#1954,#1962,#1966));
#1968=IFCFACEOUTERBOUND(#1967,.T.);
#1969=IFCFACE((#1968));
#1970=IFCCARTESIANPOINT((-1159.18723869324,-0.00028327452387202402,5602.8155685424799));
#1971=IFCPOLYLOOP((#1970,#1954,#1966));
#1972=IFCFACEOUTERBOUND(#1971,.T.);
#1973=IFCFACE((#1972));
#1974=IFCCARTESIANPOINT((-1226.20654907227,-0.00025078556459448001,5106.8656082153302));
#1975=IFCPOLYLOOP((#1974,#1970,#1966));
#1976=IFCFACEOUTERBOUND(#1975,.T.);
#1977=IFCFACE((#1976));
#1978=IFCPOLYLOOP((#1974,#1966,#1878));
#1979=IFCFACEOUTERBOUND(#1978,.T.);
#1980=IFCFACE((#1979));
#1981=IFCPOLYLOOP((#1974,#1878,#1880));
#1982=IFCFACEOUTERBOUND(#1981,.T.);
#1983=IFCFACE((#1982));
#1984=IFCCARTESIANPOINT((-1628.3221206665,-0.00019485975685711301,4463.4755195617699));
#1985=IFCPOLYLOOP((#1984,#1974,#1880));
#1986=IFCFACEOUTERBOUND(#1985,.T.);
#1987=IFCFACE((#1986));
#1988=IFCCARTESIANPOINT((-1641.72595367432,-0.000157523018015127,3846.9134445190398));
#1989=IFCPOLYLOOP((#1988,#1984,#1880));
#1990=IFCFACEOUTERBOUND(#1989,.T.);
#1991=IFCFACE((#1990));
#1992=IFCPOLYLOOP((#1988,#1880,#1886));
#1993=IFCFACEOUTERBOUND(#1992,.T.);
#1994=IFCFACE((#1993));
#1995=IFCCARTESIANPOINT((-2030.4376922607401,-0.000113368071265541,3391.1674255371099));
#1996=IFCPOLYLOOP((#1995,#1988,#1886));
#1997=IFCFACEOUTERBOUND(#1996,.T.);
#1998=IFCFACE((#1997));
#1999=IFCCARTESIANPOINT((-1976.82236022949,-8.6950245531625101E-05,2908.6436805725102));
#2000=IFCPOLYLOOP((#1999,#1995,#1886));
#2001=IFCFACEOUTERBOUND(#2000,.T.);
#2002=IFCFACE((#2001));
#2003=IFCCARTESIANPOINT((-2191.2839790344201,-3.4433286191415402E-05,2184.83059387207));
#2004=IFCPOLYLOOP((#2003,#1999,#1886));
#2005=IFCFACEOUTERBOUND(#2004,.T.);
#2006=IFCFACE((#2005));
#2007=IFCCARTESIANPOINT((-1936.61071586609,-1.20102937387401E-05,1621.86873550415));
#2008=IFCPOLYLOOP((#2007,#2003,#1886));
#2009=IFCFACEOUTERBOUND(#2008,.T.);
#2010=IFCFACE((#2009));
#2011=IFCCARTESIANPOINT((1749.4515003204299,-0.00027539585985323403,3337.56197662354));
#2012=IFCPOLYLOOP((#2007,#1886,#2011));
#2013=IFCFACEOUTERBOUND(#2012,.T.);
#2014=IFCFACE((#2013));
#2015=IFCPOLYLOOP((#2007,#2011,#1872));
#2016=IFCFACEOUTERBOUND(#2015,.T.);
#2017=IFCFACE((#2016));
#2018=IFCPOLYLOOP((#2007,#1872,#1874));
#2019=IFCFACEOUTERBOUND(#2018,.T.);
#2020=IFCFACE((#2019));
#2021=IFCPOLYLOOP((#2007,#1874,#1844));
#2022=IFCFACEOUTERBOUND(#2021,.T.);
#2023=IFCFACE((#2022));
#2024=IFCPOLYLOOP((#2007,#1844,#1846));
#2025=IFCFACEOUTERBOUND(#2024,.T.);
#2026=IFCFACE((#2025));
#2027=IFCPOLYLOOP((#2007,#1846,#1862));
#2028=IFCFACEOUTERBOUND(#2027,.T.);
#2029=IFCFACE((#2028));
#2030=IFCCARTESIANPOINT((-1963.4185272216801,1.5526303749879799E-05,1179.53912143707));
#2031=IFCPOLYLOOP((#2030,#2007,#1862));
#2032=IFCFACEOUTERBOUND(#2031,.T.);
#2033=IFCFACE((#2032));
#2034=IFCPOLYLOOP((#1890,#2030,#1862));
#2035=IFCFACEOUTERBOUND(#2034,.T.);
#2036=IFCFACE((#2035));
#2037=IFCPOLYLOOP((#1913,#1890,#1862));
#2038=IFCFACEOUTERBOUND(#2037,.T.);
#2039=IFCFACE((#2038));
#2040=IFCCARTESIANPOINT((-314.74448747634898,-1.6592962523986902E-05,509.34641733169599));
#2041=IFCPOLYLOOP((#2040,#1913,#1862));
#2042=IFCFACEOUTERBOUND(#2041,.T.);
#2043=IFCFACE((#2042));
#2044=IFCPOLYLOOP((#1900,#2040,#1862));
#2045=IFCFACEOUTERBOUND(#2044,.T.);
#2046=IFCFACE((#2045));
#2047=IFCPOLYLOOP((#1894,#1900,#1862));
#2048=IFCFACEOUTERBOUND(#2047,.T.);
#2049=IFCFACE((#2048));
#2050=IFCPOLYLOOP((#1917,#1894,#1862));
#2051=IFCFACEOUTERBOUND(#2050,.T.);
#2052=IFCFACE((#2051));
#2053=IFCPOLYLOOP((#1917,#1862,#1858));
#2054=IFCFACEOUTERBOUND(#2053,.T.);
#2055=IFCFACE((#2054));
#2056=IFCCARTESIANPOINT((0.19666975890286301,-1637.91746520996,2412.6961910247801));
#2057=IFCCARTESIANPOINT((0.19664119477383801,-2053.4394859314002,2077.5997844695999));
#2058=IFCCARTESIANPOINT((0.19666736377403099,-1557.4967926025399,2211.6384052276599));
#2059=IFCPOLYLOOP((#2056,#2057,#2058));
#2060=IFCFACEOUTERBOUND(#2059,.T.);
#2061=IFCFACE((#2060));
#2062=IFCCARTESIANPOINT((0.196872493252158,-337.74620847701999,7264.8833038330104));
#2063=IFCCARTESIANPOINT((0.19684632425196499,-592.41939897537202,6768.9583419799801));
#2064=IFCCARTESIANPOINT((0.196853119321167,-485.18858957290598,6835.9652984619097));
#2065=IFCPOLYLOOP((#2062,#2063,#2064));
#2066=IFCFACEOUTERBOUND(#2065,.T.);
#2067=IFCFACE((#2066));
#2068=IFCCARTESIANPOINT((0.19682634710334199,-699.65024471283004,6259.6068740844703));
#2069=IFCCARTESIANPOINT((0.19680278613232099,-1074.95815029144,6031.7341552734397));
#2070=IFCCARTESIANPOINT((0.19681037957780101,-887.30419750213605,6004.9311401367204));
#2071=IFCPOLYLOOP((#2068,#2069,#2070));
#2072=IFCFACEOUTERBOUND(#2071,.T.);
#2073=IFCFACE((#2072));
#2074=IFCCARTESIANPOINT((0.196774222003296,2021.33446884155,428.92331027984602));
#2075=IFCCARTESIANPOINT((0.196789604052901,2222.3923999786398,643.38492908477804));
#2076=IFCCARTESIANPOINT((0.196773423627019,1860.48832740784,643.38492908477804));
#2077=IFCPOLYLOOP((#2074,#2075,#2076));
#2078=IFCFACEOUTERBOUND(#2077,.T.);
#2079=IFCFACE((#2078));
#2080=IFCCARTESIANPOINT((0.196888673678041,-2.6482426397502401,7305.1128250122101));
#2081=IFCCARTESIANPOINT((0.19689326877705801,-96.475315833091699,7599.9925003051803));
#2082=IFCPOLYLOOP((#2080,#2081,#2062));
#2083=IFCFACEOUTERBOUND(#2082,.T.);
#2084=IFCFACE((#2083));
#2085=IFCCARTESIANPOINT((0.19670770838856699,-1771.9585567474401,3887.1173858642601));
#2086=IFCCARTESIANPOINT((0.19670211975462701,-1852.38170013428,3820.11101074219));
#2087=IFCCARTESIANPOINT((0.19671271154657,-1517.2852935791,3672.6708824157699));
#2088=IFCPOLYLOOP((#2085,#2086,#2087));
#2089=IFCFACEOUTERBOUND(#2088,.T.);
#2090=IFCFACE((#2089));
#2091=IFCCARTESIANPOINT((0.19672028725035501,-1517.2852935791,3927.3213272094699));
#2092=IFCPOLYLOOP((#2091,#2085,#2087));
#2093=IFCFACEOUTERBOUND(#2092,.T.);
#2094=IFCFACE((#2093));
#2095=IFCCARTESIANPOINT((0.196614440297708,-1919.40086517334,978.481262969971));
#2096=IFCCARTESIANPOINT((0.196603458188474,-2147.2664623260498,951.67359695434595));
#2097=IFCCARTESIANPOINT((0.19660285497084301,-1973.0163425445601,670.19266777038604));
#2098=IFCPOLYLOOP((#2095,#2096,#2097));
#2099=IFCFACEOUTERBOUND(#2098,.T.);
#2100=IFCFACE((#2099));
#2101=IFCCARTESIANPOINT((0.196789604052901,1900.6998264312699,1125.9261875152599));
#2102=IFCCARTESIANPOINT((0.19680278613232099,2115.1614452362101,1246.56082992554));
#2103=IFCCARTESIANPOINT((0.196795387845486,1780.0651840210001,1501.2340930938699));
#2104=IFCPOLYLOOP((#2101,#2102,#2103));
#2105=IFCFACEOUTERBOUND(#2104,.T.);
#2106=IFCFACE((#2105));
#2107=IFCCARTESIANPOINT((0.19667075243778501,-2026.6316745758099,3029.2810844421401));
#2108=IFCCARTESIANPOINT((0.19666216545738299,-1959.6125095367399,2640.5667297363302));
#2109=IFCCARTESIANPOINT((0.19668001360260001,-1663.0961608886701,2794.4157691955602));
#2110=IFCPOLYLOOP((#2107,#2108,#2109));
#2111=IFCFACEOUTERBOUND(#2110,.T.);
#2112=IFCFACE((#2111));
#2113=IFCCARTESIANPOINT((0.19686049986630699,1431.5649444580099,4208.8250747680704));
#2114=IFCCARTESIANPOINT((0.196878685103729,1659.43054161072,4476.9023162841804));
#2115=IFCCARTESIANPOINT((0.196867490094155,1257.3148246765099,4704.7500366210897));
#2116=IFCPOLYLOOP((#2113,#2114,#2115));
#2117=IFCFACEOUTERBOUND(#2116,.T.);
#2118=IFCFACE((#2117));
#2119=IFCCARTESIANPOINT((0.196812774706632,1981.1229698181201,1782.71502227783));
#2120=IFCCARTESIANPOINT((0.196807576389983,1793.46901702881,1889.9458316803));
#2121=IFCPOLYLOOP((#2103,#2119,#2120));
#2122=IFCFACEOUTERBOUND(#2121,.T.);
#2123=IFCFACE((#2122));
#2124=IFCCARTESIANPOINT((0.19663720289245201,-1570.9007709503201,1219.75316390991));
#2125=IFCCARTESIANPOINT((0.19663141909986701,-1771.9585567474401,1326.9839733123799));
#2126=IFCPOLYLOOP((#2124,#2125,#2095));
#2127=IFCFACEOUTERBOUND(#2126,.T.);
#2128=IFCFACE((#2127));
#2129=IFCCARTESIANPOINT((0.196626415941864,-1410.05448417664,616.57726306915299));
#2130=IFCPOLYLOOP((#2095,#2097,#2129));
#2131=IFCFACEOUTERBOUND(#2130,.T.);
#2132=IFCFACE((#2131));
#2133=IFCPOLYLOOP((#2124,#2095,#2129));
#2134=IFCFACEOUTERBOUND(#2133,.T.);
#2135=IFCFACE((#2134));
#2136=IFCCARTESIANPOINT((0.19675385453738301,1726.44970664978,187.654207134247));
#2137=IFCPOLYLOOP((#2136,#2074,#2076));
#2138=IFCFACEOUTERBOUND(#2137,.T.);
#2139=IFCFACE((#2138));
#2140=IFCCARTESIANPOINT((0.19667556043714299,-96.475061488151596,294.88478035926801));
#2141=IFCCARTESIANPOINT((0.19666736377403099,-83.071210312843306,4.81342971966114E-05));
#2142=IFCCARTESIANPOINT((0.196675152378157,91.178882217407207,5.3327372768308103E-05));
#2143=IFCPOLYLOOP((#2140,#2141,#2142));
#2144=IFCFACEOUTERBOUND(#2143,.T.);
#2145=IFCFACE((#2144));
#2146=IFCCARTESIANPOINT((0.196690126368776,158.19841060638399,402.11560792923001));
#2147=IFCPOLYLOOP((#2140,#2142,#2146));
#2148=IFCFACEOUTERBOUND(#2147,.T.);
#2149=IFCFACE((#2148));
#2150=IFCCARTESIANPOINT((0.196767764026299,-1148.79710254669,4967.5072540283199));
#2151=IFCCARTESIANPOINT((0.196748053003103,-1503.8814605712901,4838.7886573791502));
#2152=IFCCARTESIANPOINT((0.19674125793389999,-1423.4583171844499,4490.3035331726096));
#2153=IFCPOLYLOOP((#2150,#2151,#2152));
#2154=IFCFACEOUTERBOUND(#2153,.T.);
#2155=IFCFACE((#2154));
#2156=IFCCARTESIANPOINT((0.19668175228871401,-1932.8046981811499,3257.1288047790499));
#2157=IFCPOLYLOOP((#2156,#2107,#2109));
#2158=IFCFACEOUTERBOUND(#2157,.T.);
#2159=IFCFACE((#2158));
#2160=IFCCARTESIANPOINT((0.19670211975462701,-1557.4967926025399,3377.7659179687498));
#2161=IFCPOLYLOOP((#2160,#2156,#2109));
#2162=IFCFACEOUTERBOUND(#2161,.T.);
#2163=IFCFACE((#2162));
#2164=IFCCARTESIANPOINT((0.19688606564886901,493.29525318145801,6474.0786666870099));
#2165=IFCCARTESIANPOINT((0.19689346393570301,506.69908618927002,6701.9269683837902));
#2166=IFCCARTESIANPOINT((0.196885480172932,292.237449216843,6755.55741577148));
#2167=IFCPOLYLOOP((#2164,#2165,#2166));
#2168=IFCFACEOUTERBOUND(#2167,.T.);
#2169=IFCFACE((#2168));
#2170=IFCCARTESIANPOINT((0.19672289527952699,-1691.5354133605999,4275.83174057007));
#2171=IFCPOLYLOOP((#2152,#2170,#2091));
#2172=IFCFACEOUTERBOUND(#2171,.T.);
#2173=IFCFACE((#2172));
#2174=IFCCARTESIANPOINT((0.19676962690427899,1579.00739822388,938.26976394653298));
#2175=IFCPOLYLOOP((#2174,#2101,#2103));
#2176=IFCFACEOUTERBOUND(#2175,.T.);
#2177=IFCFACE((#2176));
#2178=IFCCARTESIANPOINT((0.19687568675726699,1083.064777565,5240.9039382934598));
#2179=IFCCARTESIANPOINT((0.19688707692548599,1069.6609445571901,5643.0195098877002));
#2180=IFCCARTESIANPOINT((0.196875970624387,785.50735874175996,5696.9034301757802));
#2181=IFCPOLYLOOP((#2178,#2179,#2180));
#2182=IFCFACEOUTERBOUND(#2181,.T.);
#2183=IFCFACE((#2182));
#2184=IFCCARTESIANPOINT((0.19664818500168599,-1745.15074539185,1849.73433265686));
#2185=IFCCARTESIANPOINT((0.19664300442673299,-1825.5738887786899,1796.1188552856399));
#2186=IFCCARTESIANPOINT((0.196638799645007,-1731.7469123840301,1514.63792610168));
#2187=IFCPOLYLOOP((#2184,#2185,#2186));
#2188=IFCFACEOUTERBOUND(#2187,.T.);
#2189=IFCFACE((#2188));
#2190=IFCCARTESIANPOINT((0.196655973605812,-1544.09295959473,1809.5226882934601));
#2191=IFCPOLYLOOP((#2190,#2184,#2186));
#2192=IFCFACEOUTERBOUND(#2191,.T.);
#2193=IFCFACE((#2192));
#2194=IFCCARTESIANPOINT((0.19664518665522299,-1570.9007709503201,1487.83026008606));
#2195=IFCPOLYLOOP((#2190,#2186,#2194));
#2196=IFCFACEOUTERBOUND(#2195,.T.);
#2197=IFCFACE((#2196));
#2198=IFCCARTESIANPOINT((0.19673547414131501,1324.3341350555399,174.250355958939));
#2199=IFCPOLYLOOP((#2198,#2136,#2076));
#2200=IFCFACEOUTERBOUND(#2199,.T.);
#2201=IFCFACE((#2200));
#2202=IFCPOLYLOOP((#2198,#2076,#2174));
#2203=IFCFACEOUTERBOUND(#2202,.T.);
#2204=IFCFACE((#2203));
#2205=IFCCARTESIANPOINT((0.196724687190726,1029.4493728637699,254.67320866584799));
#2206=IFCPOLYLOOP((#2205,#2198,#2174));
#2207=IFCFACEOUTERBOUND(#2206,.T.);
#2208=IFCFACE((#2207));
#2209=IFCCARTESIANPOINT((0.19683234379626799,2034.7384471893299,2359.08071365356));
#2210=IFCCARTESIANPOINT((0.196836938895285,2048.1447509765599,2493.11933441162));
#2211=IFCCARTESIANPOINT((0.19683214863762299,1887.29599342346,2573.5347747802698));
#2212=IFCPOLYLOOP((#2209,#2210,#2211));
#2213=IFCFACEOUTERBOUND(#2212,.T.);
#2214=IFCFACE((#2213));
#2215=IFCCARTESIANPOINT((0.19663241263479,-1034.7465785980201,254.67320866584799));
#2216=IFCCARTESIANPOINT((0.19664419312030099,-833.688792800903,348.50020322799702));
#2217=IFCPOLYLOOP((#2129,#2215,#2216));
#2218=IFCFACEOUTERBOUND(#2217,.T.);
#2219=IFCFACE((#2218));
#2220=IFCCARTESIANPOINT((0.19679499752819499,-1007.93883991241,5669.8475234985399));
#2221=IFCCARTESIANPOINT((0.19678720892407001,-1155.3812210082999,5629.6185836792001));
#2222=IFCCARTESIANPOINT((0.19677702519111301,-1195.5927927017201,5348.13983459473));
#2223=IFCPOLYLOOP((#2220,#2221,#2222));
#2224=IFCFACEOUTERBOUND(#2223,.T.);
#2225=IFCFACE((#2224));
#2226=IFCCARTESIANPOINT((0.19665858163498301,-565.61169662475595,428.92331027984602));
#2227=IFCCARTESIANPOINT((0.19666056870482901,-377.95774383544898,214.46190948486301));
#2228=IFCPOLYLOOP((#2226,#2227,#2140));
#2229=IFCFACEOUTERBOUND(#2228,.T.);
#2230=IFCFACE((#2229));
#2231=IFCPOLYLOOP((#2080,#2062,#2064));
#2232=IFCFACEOUTERBOUND(#2231,.T.);
#2233=IFCFACE((#2232));
#2234=IFCCARTESIANPOINT((0.19689106880687199,158.19790191650401,7144.2714797973604));
#2235=IFCPOLYLOOP((#2234,#2080,#2064));
#2236=IFCFACEOUTERBOUND(#2235,.T.);
#2237=IFCFACE((#2236));
#2238=IFCPOLYLOOP((#2166,#2234,#2064));
#2239=IFCFACEOUTERBOUND(#2238,.T.);
#2240=IFCFACE((#2239));
#2241=IFCCARTESIANPOINT((0.196836140519008,-579.01556596755995,6407.0467117309599));
#2242=IFCPOLYLOOP((#2166,#2064,#2241));
#2243=IFCFACEOUTERBOUND(#2242,.T.);
#2244=IFCFACE((#2243));
#2245=IFCPOLYLOOP((#2164,#2166,#2241));
#2246=IFCFACEOUTERBOUND(#2245,.T.);
#2247=IFCFACE((#2246));
#2248=IFCCARTESIANPOINT((0.19670591647736699,546.91065788268997,348.50020322799702));
#2249=IFCPOLYLOOP((#2248,#2205,#2174));
#2250=IFCFACEOUTERBOUND(#2249,.T.);
#2251=IFCFACE((#2250));
#2252=IFCCARTESIANPOINT((0.19670371650718199,426.27597913742102,455.731012630463));
#2253=IFCPOLYLOOP((#2252,#2248,#2174));
#2254=IFCFACEOUTERBOUND(#2253,.T.);
#2255=IFCFACE((#2254));
#2256=IFCPOLYLOOP((#2120,#2209,#2211));
#2257=IFCFACEOUTERBOUND(#2256,.T.);
#2258=IFCFACE((#2257));
#2259=IFCCARTESIANPOINT((0.19688606564886901,788.18001537323005,6031.7341552734397));
#2260=IFCPOLYLOOP((#2259,#2164,#2241));
#2261=IFCFACEOUTERBOUND(#2260,.T.);
#2262=IFCFACE((#2261));
#2263=IFCPOLYLOOP((#2180,#2259,#2241));
#2264=IFCFACEOUTERBOUND(#2263,.T.);
#2265=IFCFACE((#2264));
#2266=IFCPOLYLOOP((#2180,#2241,#2068));
#2267=IFCFACEOUTERBOUND(#2266,.T.);
#2268=IFCFACE((#2267));
#2269=IFCPOLYLOOP((#2180,#2068,#2070));
#2270=IFCFACEOUTERBOUND(#2269,.T.);
#2271=IFCFACE((#2270));
#2272=IFCPOLYLOOP((#2180,#2070,#2220));
#2273=IFCFACEOUTERBOUND(#2272,.T.);
#2274=IFCFACE((#2273));
#2275=IFCPOLYLOOP((#2180,#2220,#2222));
#2276=IFCFACEOUTERBOUND(#2275,.T.);
#2277=IFCFACE((#2276));
#2278=IFCPOLYLOOP((#2180,#2222,#2150));
#2279=IFCFACEOUTERBOUND(#2278,.T.);
#2280=IFCFACE((#2279));
#2281=IFCPOLYLOOP((#2178,#2180,#2150));
#2282=IFCFACEOUTERBOUND(#2281,.T.);
#2283=IFCFACE((#2282));
#2284=IFCCARTESIANPOINT((0.196876485133544,1297.5264690399199,4946.0242630004896));
#2285=IFCPOLYLOOP((#2284,#2178,#2150));
#2286=IFCFACEOUTERBOUND(#2285,.T.);
#2287=IFCFACE((#2286));
#2288=IFCPOLYLOOP((#2115,#2284,#2150));
#2289=IFCFACEOUTERBOUND(#2288,.T.);
#2290=IFCFACE((#2289));
#2291=IFCPOLYLOOP((#2115,#2150,#2152));
#2292=IFCFACEOUTERBOUND(#2291,.T.);
#2293=IFCFACE((#2292));
#2294=IFCPOLYLOOP((#2115,#2152,#2091));
#2295=IFCFACEOUTERBOUND(#2294,.T.);
#2296=IFCFACE((#2295));
#2297=IFCPOLYLOOP((#2113,#2115,#2091));
#2298=IFCFACEOUTERBOUND(#2297,.T.);
#2299=IFCFACE((#2298));
#2300=IFCPOLYLOOP((#2113,#2091,#2087));
#2301=IFCFACEOUTERBOUND(#2300,.T.);
#2302=IFCFACE((#2301));
#2303=IFCPOLYLOOP((#2113,#2087,#2160));
#2304=IFCFACEOUTERBOUND(#2303,.T.);
#2305=IFCFACE((#2304));
#2306=IFCPOLYLOOP((#2113,#2160,#2109));
#2307=IFCFACEOUTERBOUND(#2306,.T.);
#2308=IFCFACE((#2307));
#2309=IFCCARTESIANPOINT((0.19686489980667801,1726.44970664978,3913.9201103210498));
#2310=IFCPOLYLOOP((#2309,#2113,#2109));
#2311=IFCFACEOUTERBOUND(#2310,.T.);
#2312=IFCFACE((#2311));
#2313=IFCCARTESIANPOINT((0.19685751926153899,1793.46901702881,3565.4349861145001));
#2314=IFCPOLYLOOP((#2313,#2309,#2109));
#2315=IFCFACEOUTERBOUND(#2314,.T.);
#2316=IFCFACE((#2315));
#2317=IFCCARTESIANPOINT((0.19685491123236701,1860.48832740784,3377.7659179687498));
#2318=IFCPOLYLOOP((#2317,#2313,#2109));
#2319=IFCFACEOUTERBOUND(#2318,.T.);
#2320=IFCFACE((#2319));
#2321=IFCCARTESIANPOINT((0.19683974208310201,1753.25751800537,3029.2810844421401));
#2322=IFCPOLYLOOP((#2321,#2317,#2109));
#2323=IFCFACEOUTERBOUND(#2322,.T.);
#2324=IFCFACE((#2323));
#2325=IFCPOLYLOOP((#2321,#2109,#2056));
#2326=IFCFACEOUTERBOUND(#2325,.T.);
#2327=IFCFACE((#2326));
#2328=IFCPOLYLOOP((#2321,#2056,#2058));
#2329=IFCFACEOUTERBOUND(#2328,.T.);
#2330=IFCFACE((#2329));
#2331=IFCPOLYLOOP((#2211,#2321,#2058));
#2332=IFCFACEOUTERBOUND(#2331,.T.);
#2333=IFCFACE((#2332));
#2334=IFCPOLYLOOP((#2120,#2211,#2058));
#2335=IFCFACEOUTERBOUND(#2334,.T.);
#2336=IFCFACE((#2335));
#2337=IFCPOLYLOOP((#2120,#2058,#2190));
#2338=IFCFACEOUTERBOUND(#2337,.T.);
#2339=IFCFACE((#2338));
#2340=IFCPOLYLOOP((#2103,#2120,#2190));
#2341=IFCFACEOUTERBOUND(#2340,.T.);
#2342=IFCFACE((#2341));
#2343=IFCPOLYLOOP((#2174,#2103,#2190));
#2344=IFCFACEOUTERBOUND(#2343,.T.);
#2345=IFCFACE((#2344));
#2346=IFCPOLYLOOP((#2252,#2174,#2190));
#2347=IFCFACEOUTERBOUND(#2346,.T.);
#2348=IFCFACE((#2347));
#2349=IFCPOLYLOOP((#2146,#2252,#2190));
#2350=IFCFACEOUTERBOUND(#2349,.T.);
#2351=IFCFACE((#2350));
#2352=IFCPOLYLOOP((#2146,#2190,#2194));
#2353=IFCFACEOUTERBOUND(#2352,.T.);
#2354=IFCFACE((#2353));
#2355=IFCPOLYLOOP((#2140,#2146,#2194));
#2356=IFCFACEOUTERBOUND(#2355,.T.);
#2357=IFCFACE((#2356));
#2358=IFCPOLYLOOP((#2226,#2140,#2194));
#2359=IFCFACEOUTERBOUND(#2358,.T.);
#2360=IFCFACE((#2359));
#2361=IFCPOLYLOOP((#2226,#2194,#2124));
#2362=IFCFACEOUTERBOUND(#2361,.T.);
#2363=IFCFACE((#2362));
#2364=IFCPOLYLOOP((#2226,#2124,#2129));
#2365=IFCFACEOUTERBOUND(#2364,.T.);
#2366=IFCFACE((#2365));
#2367=IFCPOLYLOOP((#2226,#2129,#2216));
#2368=IFCFACEOUTERBOUND(#2367,.T.);
#2369=IFCFACE((#2368));
#2370=IFCCONNECTEDFACESET((#1785,#1789,#1793,#1797,#1801,#1805,#1809,#1813,#1817,#1821,#1825,#1829,#1833,#1837,#1843,#1849,#1855,#1861,#1865,#1871,#1877,#1883,#1889,#1893,#1899,#1903,#1908,#1912,#1916,#1920,#1924,#1927,#1931,#1935,#1939,#1942,#1945,#1950,#1953,#1957,#1961,#1965,#1969,#1973,#1977,#1980,#1983,#1987,#1991,#1994,#1998,#2002,#2006,#2010,#2014,#2017,#2020,#2023,#2026,#2029,#2033,#2036,#2039,#2043,#2046,#2049,#2052,#2055,#2061,#2067,#2073,#2079,#2084,#2090,#2094,#2100,#2106,#2112,#2118,#2123,#2128,#2132,#2135,#2139,#2145,#2149,#2155,#2159,#2163,#2169,#2173,#2177,#2183,#2189,#2193,#2197,#2201,#2204,#2208,#2214,#2219,#2225,#2230,#2233,#2237,#2240,#2244,#2247,#2251,#2255,#2258,#2262,#2265,#2268,#2271,#2274,#2277,#2280,#2283,#2287,#2290,#2293,#2296,#2299,#2302,#2305,#2308,#2312,#2316,#2320,#2324,#2327,#2330,#2333,#2336,#2339,#2342,#2345,#2348,#2351,#2354,#2357,#2360,#2363,#2366,#2369));
#2371=IFCFACEBASEDSURFACEMODEL((#2370));
#2372=IFCSHAPEREPRESENTATION(#26,'Body','SurfaceModel',(#2371));
#2373=IFCREPRESENTATIONMAP(#1779,#2372);
#2374=IFCMAPPEDITEM(#2373,#77);
#2375=IFCSHAPEREPRESENTATION(#26,'Body','MappedRepresentation',(#2374));
#2376=IFCPRODUCTDEFINITIONSHAPE($,$,(#2375));
#2377=IFCBUILDINGELEMENTPROXY('3vORQ_Mrv83v$twYT309Tm',#7,'M_RPC Tree - Conifer:Eastern Hemlock - 7.6 Meters:392932',$,'Eastern Hemlock - 7.6 Meters',#1778,#2376,'392932',$);
#2378=IFCCARTESIANPOINT((9054.19587515893,9263.0550488099707,-2172.8856747483301));
#2379=IFCAXIS2PLACEMENT3D(#2378,$,$);
#2380=IFCLOCALPLACEMENT(#14,#2379);
#2381=IFCMAPPEDITEM(#2373,#77);
#2382=IFCSHAPEREPRESENTATION(#26,'Body','MappedRepresentation',(#2381));
#2383=IFCPRODUCTDEFINITIONSHAPE($,$,(#2382));
#2384=IFCBUILDINGELEMENTPROXY('3vORQ_Mrv83v$twYT309RL',#7,'M_RPC Tree - Conifer:Eastern Hemlock - 7.6 Meters:393025',$,'Eastern Hemlock - 7.6 Meters',#2380,#2383,'393025',$);
#2385=IFCCARTESIANPOINT((37415.955135846903,1638.0940354577799,-2810.4850093803998));
#2386=IFCAXIS2PLACEMENT3D(#2385,$,$);
#2387=IFCLOCALPLACEMENT(#14,#2386);
#2388=IFCMAPPEDITEM(#2373,#77);
#2389=IFCSHAPEREPRESENTATION(#26,'Body','MappedRepresentation',(#2388));
#2390=IFCPRODUCTDEFINITIONSHAPE($,$,(#2389));
#2391=IFCBUILDINGELEMENTPROXY('3vORQ_Mrv83v$twYT309Pw',#7,'M_RPC Tree - Conifer:Eastern Hemlock - 7.6 Meters:393198',$,'Eastern Hemlock - 7.6 Meters',#2387,#2390,'393198',$);
#2392=IFCBUILDINGSTOREY('2bb286$Af9iuq951jUNgLk',#7,'1. etasje',$,$,#14,$,'1. etasje',.ELEMENT.,0.);
#2393=IFCRELCONTAINEDINSPATIALSTRUCTURE('3Zu5Bv0LOHrPC10066FoQQ',#7,$,$,(#353,#371,#390,#415,#442,#471,#498,#558,#567,#576,#585,#594,#603,#612,#621,#630,#639,#648,#657,#81,#717,#777,#837,#186,#898,#959,#1020,#1080,#1089,#1149,#1209,#1235,#1315,#1341,#1367,#1383,#1399,#1415,#1465,#243,#141,#1545,#1571,#1597,#1613,#1629,#1645,#1693,#273,#234,#1731,#1769,#1772,#1775,#2377,#2384,#2391),#2392);
#2394=IFCPOSTALADDRESS($,$,$,$,(),$,$,$,$,$);
#2395=IFCBUILDING('2bb286$Af9iuq951kXeLke',#7,'Grethes hus',$,$,#12,$,'Grethes hus',.ELEMENT.,$,$,#2394);
#2396=IFCCARTESIANPOINT((0.,0.,-800.));
#2397=IFCAXIS2PLACEMENT3D(#2396,$,$);
#2398=IFCLOCALPLACEMENT(#12,#2397);
#2399=IFCBUILDINGSTOREY('2bb286$Af9iuq951jUM_U4',#7,'0. kjeller',$,$,#2398,$,'0. kjeller',.ELEMENT.,-800.);
#2400=IFCCARTESIANPOINT((0.,0.,2850.));
#2401=IFCAXIS2PLACEMENT3D(#2400,$,$);
#2402=IFCLOCALPLACEMENT(#12,#2401);
#2403=IFCBUILDINGSTOREY('2bb286$Af9iuq951jUNgRl',#7,'2. etasje',$,$,#2402,$,'2. etasje',.ELEMENT.,2850.);
ENDSEC;
END-ISO-10303-21;
